{
  "id": 5938601.967271499,
  "feat_1": 447.72697336059366,
  "feat_2": 61.617904190770375,
  "feat_3": 263.8503358373265,
  "feat_4": 149.60541411608824,
  "feat_5": 31.970105484128453,
  "feat_6": 44.83644564365036,
  "feat_7": 305.4833739228211,
  "feat_8": 148.07757921241773,
  "feat_9": 3864.8533715385047,
  "feat_10": 75.22577432831203,
  "feat_11": 113111.3715763694,
  "feat_12": 3.36700834194398,
  "feat_13": 229.36972762812195,
  "feat_14": 18545.55145927313,
  "feat_15": 11007.719425547859,
  "feat_16": 547.2680243722049,
  "feat_17": 4828.358486390051,
  "feat_18": 77.43658940857739,
  "feat_19": 43.97066111379172,
  "feat_20": 1153.775618055035,
  "feat_21": 23.71271181956479,
  "feat_22": 32.75654349301975,
  "feat_23": 1699.9000600114189,
  "feat_24": 1207.1205566297535,
  "feat_25": 6248.914616885941,
  "feat_26": 8654.83360733067,
  "feat_27": 45.10621351919292,
  "feat_28": 4.162508649879197,
  "feat_29": 1076.1668470127397,
  "feat_30": 639.6660789260351,
  "feat_31": 5.922956649214029,
  "feat_32": 922.1471885717262,
  "feat_33": 650.3083996078024,
  "feat_34": 328910.97025244,
  "feat_35": 602.1512310487693,
  "feat_36": 5032.740706863234,
  "feat_37": 466.74673461598536,
  "feat_38": 139.14487417514877,
  "feat_39": 32640.375418046984,
  "feat_40": 7058.682518768264,
  "feat_41": 815.6622518162783,
  "feat_42": 25022.04954472286,
  "feat_43": 5549.9140449017705,
  "feat_44": 167.93553275921394,
  "feat_45": 1293.2514950586208,
  "feat_46": 7.6402105079980345,
  "feat_47": 8267.889191785367,
  "feat_48": 3902.4223916775077,
  "feat_49": 36.09032632158806,
  "feat_50": 4982.401069050509,
  "feat_51": 178.79399852299716,
  "feat_52": 93.83227555578372,
  "feat_53": 7738.066011557109,
  "feat_54": 229.38776741299193,
  "feat_55": 448.6746406830686,
  "feat_56": 2085.470162680478,
  "feat_57": 4384.8583538721805,
  "feat_58": 530.7258791798607,
  "feat_59": 2275.300928048787,
  "feat_60": 72454.29929010572,
  "feat_61": 203.4406654881283,
  "feat_62": 3331.6723630277693,
  "feat_63": 97.5792555102537,
  "feat_64": 1284.2838465927164,
  "feat_65": 30.018439374592855,
  "feat_66": 221.4785636546327,
  "feat_67": 2953.1265523647785,
  "feat_68": 18910.740624686634,
  "feat_69": 16888.661958165085,
  "feat_70": 115.62932206674262,
  "feat_71": 1664.0646038192804,
  "feat_72": 1336.8488829674702,
  "feat_73": 482.1422396436708,
  "feat_74": 11.323897410608033,
  "feat_75": 4024.816359641915,
  "feat_76": 675.9647145304602,
  "feat_77": 720.6452183674369,
  "feat_78": 3009.7461025273174,
  "feat_79": 343.19754254583677,
  "feat_80": 101.23383326257637,
  "feat_81": 122.95639657607074,
  "feat_82": 1.0762391798198223,
  "feat_83": 1380.5839954614696,
  "feat_84": 553.5683977532055,
  "feat_85": 565.4919801528245,
  "feat_86": 10093.405767261544,
  "feat_87": 589.6321233410714,
  "feat_88": 1760.5565193122059,
  "feat_89": 50.59762153496082,
  "feat_90": 47806.35727319965,
  "feat_91": 4497.096446178304,
  "feat_92": 985.2736883673564,
  "feat_93": 193.14632390268943,
  "pca_0": 46598.60709006867,
  "pca_1": 54213.15370802048,
  "pca_2": 18771.43956322756,
  "pca_3": 19536.51020703231,
  "pca_4": 41386.12477617514,
  "pca_5": 21866.0271626582,
  "pca_6": 19207.257990920265,
  "pca_7": 73648.73590447825,
  "pca_8": 15347.041699104904,
  "pca_9": 9216.816222368252,
  "pca_10": 20241.005781191703,
  "pca_11": 18571.590777793732,
  "pca_12": 88578.69082553506,
  "pca_13": 5862.328528362275,
  "pca_14": 14736.139479652824,
  "pca_15": 13867.432545395613,
  "pca_16": 49886.401661813296,
  "pca_17": 5167.650814607071,
  "pca_18": 5273.257971248942,
  "pca_19": 2511.43392069836
}