{
  "feat_1": 5130.131541252136,
  "feat_2": 583.0551433563232,
  "feat_3": 1609.0188295841217,
  "feat_4": 1179.511622428894,
  "feat_5": 2005.609116077423,
  "feat_6": 49.383201599121094,
  "feat_7": 2151.3445110321045,
  "feat_8": 2012.8798733949661,
  "feat_9": 21793.25408565998,
  "feat_10": 1013.1669044494629,
  "feat_11": 283463.9236931801,
  "feat_12": 19.022890090942383,
  "feat_13": 1412.0199592113495,
  "feat_14": 91418.30461061001,
  "feat_15": 68663.49452018738,
  "feat_16": 7411.515587568283,
  "feat_17": 31712.175147294998,
  "feat_18": 742.6457635164261,
  "feat_19": 1219.0672969818115,
  "feat_20": 4494.991003513336,
  "feat_21": 324.76659965515137,
  "feat_22": 192.9722762107849,
  "feat_23": 11544.660383224487,
  "feat_24": 8316.241438627243,
  "feat_25": 29396.88775086403,
  "feat_26": 60579.39231526852,
  "feat_27": 1628.9849967956543,
  "feat_28": 317.4708786010742,
  "feat_29": 9005.48197555542,
  "feat_30": 15039.888664245605,
  "feat_31": 27.393980026245117,
  "feat_32": 8521.001655817032,
  "feat_33": 2631.1928490400314,
  "feat_34": 243640.4763251543,
  "feat_35": 5467.564697146416,
  "feat_36": 10319.039083719254,
  "feat_37": 3761.1923187971115,
  "feat_38": 1413.8551378250122,
  "feat_39": 101361.25765788555,
  "feat_40": 34767.032133579254,
  "feat_41": 8768.618721961975,
  "feat_42": 81541.26800572872,
  "feat_43": 31673.156313061714,
  "feat_44": 747.0659279823303,
  "feat_45": 8410.244080543518,
  "feat_46": 217.86639785766602,
  "feat_47": 36388.18053150177,
  "feat_48": 27446.316111683846,
  "feat_49": 596.8652188777924,
  "feat_50": 36489.5287027359,
  "feat_51": 1464.4954996109009,
  "feat_52": 844.7524924278259,
  "feat_53": 34091.362268447876,
  "feat_54": 1405.5198755264282,
  "feat_55": 3575.445704936981,
  "feat_56": 19455.447043418884,
  "feat_57": 12291.416131019592,
  "feat_58": 2873.1986055374146,
  "feat_59": 8878.575807571411,
  "feat_60": 249743.3602514267,
  "feat_61": 3199.6020908355713,
  "feat_62": 22073.945561528206,
  "feat_63": 554.860200881958,
  "feat_64": 8409.143614292145,
  "feat_65": 337.82930088043213,
  "feat_66": 1628.9740407466888,
  "feat_67": 20983.194796919823,
  "feat_68": 63083.337421774864,
  "feat_69": 50612.62735748291,
  "feat_70": 1226.0502741336823,
  "feat_71": 7532.004791736603,
  "feat_72": 8148.195962429047,
  "feat_73": 1845.8062953948975,
  "feat_74": 409.5239267349243,
  "feat_75": 27336.634480834007,
  "feat_76": 3458.7805733680725,
  "feat_77": 8281.85873055458,
  "feat_78": 17482.73437690735,
  "feat_79": 6041.602984905243,
  "feat_80": 1463.290421962738,
  "feat_81": 1785.271593093872,
  "feat_82": 24.393800735473633,
  "feat_83": 13320.172638893127,
  "feat_84": 4073.316358566284,
  "feat_85": 5753.940113067627,
  "feat_86": 52064.14656877518,
  "feat_87": 3611.192494392395,
  "feat_88": 17644.620807647705,
  "feat_89": 2265.7852590084076,
  "feat_90": 187030.0998353958,
  "feat_91": 27236.49162387848,
  "feat_92": 12293.555420160294,
  "feat_93": 2941.278606414795,
  "pca_0": 202564.56044983864,
  "pca_1": 224650.25952124596,
  "pca_2": 69221.90237689018,
  "pca_3": 65956.07232451439,
  "pca_4": 158560.865922153,
  "pca_5": 116832.98096883297,
  "pca_6": 69484.57517659664,
  "pca_7": 371817.0947493315,
  "pca_8": 60957.36735391617,
  "pca_9": 47434.324815154076,
  "pca_10": 58724.837510585785,
  "pca_11": 104540.30088615417,
  "pca_12": 160617.58453273773,
  "pca_13": 27375.630210995674,
  "pca_14": 49338.68540608883,
  "pca_15": 58675.025705337524,
  "pca_16": 170385.18180525303,
  "pca_17": 28791.551291286945,
  "pca_18": 28043.263003706932,
  "pca_19": 16000.842824280262
}