{
  "feat_1": 10784.473923707017,
  "feat_2": 2167.594873252092,
  "feat_3": 2112.4353453460863,
  "feat_4": 2333.7915267972276,
  "feat_5": 3945.486685518847,
  "feat_6": 1227.4677647538483,
  "feat_7": 3847.4913102353457,
  "feat_8": 6616.645443857627,
  "feat_9": 22158.024411745442,
  "feat_10": 4447.947205163306,
  "feat_11": 176934.82681514556,
  "feat_12": 1472.851241568569,
  "feat_13": 5999.770250955597,
  "feat_14": 55897.34650245565,
  "feat_15": 45418.62846756059,
  "feat_16": 10599.883941363449,
  "feat_17": 23262.590792582676,
  "feat_18": 3533.077157733147,
  "feat_19": 1581.770038191491,
  "feat_20": 5573.6734324611025,
  "feat_21": 3799.141126911796,
  "feat_22": 3280.671081441946,
  "feat_23": 8940.23373719328,
  "feat_24": 11243.056023392113,
  "feat_25": 26252.193539753498,
  "feat_26": 41196.7374121783,
  "feat_27": 3623.968560828529,
  "feat_28": 1869.822960367921,
  "feat_29": 8758.507886091917,
  "feat_30": 12866.478778936831,
  "feat_31": 1979.140698224306,
  "feat_32": 13667.341659879072,
  "feat_33": 9967.851605790616,
  "feat_34": 142229.3122399838,
  "feat_35": 5247.581678390983,
  "feat_36": 13067.295043276119,
  "feat_37": 7540.423286631238,
  "feat_38": 5443.3989415997785,
  "feat_39": 58079.235589924385,
  "feat_40": 31921.22084775896,
  "feat_41": 11213.634582928336,
  "feat_42": 65688.82922396355,
  "feat_43": 35853.64381397728,
  "feat_44": 3583.667987236753,
  "feat_45": 7152.905001926236,
  "feat_46": 1689.2553834680584,
  "feat_47": 27094.952134942403,
  "feat_48": 28878.667148324814,
  "feat_49": 2456.88149983286,
  "feat_50": 24705.87746073259,
  "feat_51": 2008.9947033952922,
  "feat_52": 2497.7353549159307,
  "feat_53": 23986.57528862932,
  "feat_54": 4332.105443119974,
  "feat_55": 5224.980784708401,
  "feat_56": 17988.208759794943,
  "feat_57": 16850.79095271509,
  "feat_58": 4248.462911743671,
  "feat_59": 11918.48498894996,
  "feat_60": 146250.30529544776,
  "feat_61": 3015.0122401652625,
  "feat_62": 20607.48029513775,
  "feat_63": 3269.0357311993794,
  "feat_64": 11617.903098276118,
  "feat_65": 3068.9016860106367,
  "feat_66": 6961.052167450718,
  "feat_67": 17481.73740168741,
  "feat_68": 45803.61604261919,
  "feat_69": 33267.11786682333,
  "feat_70": 6318.905226979434,
  "feat_71": 12232.070089273835,
  "feat_72": 10612.014220960438,
  "feat_73": 3584.221799709834,
  "feat_74": 2851.0120927989483,
  "feat_75": 20240.678736583737,
  "feat_76": 6171.81580953252,
  "feat_77": 8668.001908913255,
  "feat_78": 12316.041052529194,
  "feat_79": 8577.651546490968,
  "feat_80": 3120.708373102574,
  "feat_81": 3764.5753506612964,
  "feat_82": 675.165180254321,
  "feat_83": 12369.959060117311,
  "feat_84": 4262.9695554935715,
  "feat_85": 10767.668904424412,
  "feat_86": 40574.35497588956,
  "feat_87": 7952.750181523632,
  "feat_88": 18321.47230855163,
  "feat_89": 4897.248448156305,
  "feat_90": 106293.26410559387,
  "feat_91": 20295.46745421962,
  "feat_92": 14444.28310837457,
  "feat_93": 4287.306660724455,
  "pca_0": 169008.07445146207,
  "pca_1": 157691.64152011584,
  "pca_2": 70137.96046058415,
  "pca_3": 64984.576107933965,
  "pca_4": 123488.30728801046,
  "pca_5": 109223.88987084829,
  "pca_6": 75228.35827510577,
  "pca_7": 250225.64859694484,
  "pca_8": 63114.268318089904,
  "pca_9": 47994.69226734717,
  "pca_10": 60857.85170282509,
  "pca_11": 75670.32726367141,
  "pca_12": 129787.32644448659,
  "pca_13": 39811.295126921024,
  "pca_14": 50844.54934683757,
  "pca_15": 58035.13234707929,
  "pca_16": 130703.78727085443,
  "pca_17": 39799.760851830186,
  "pca_18": 39967.31685366351,
  "pca_19": 36300.272153799386
}