{
  "feat_1": 4494.618001937866,
  "feat_2": 1061.8444023132324,
  "feat_3": 2693.499799966812,
  "feat_4": 1906.1139678955078,
  "feat_5": 942.5693016052246,
  "feat_6": 212.81160259246826,
  "feat_7": 2902.854838371277,
  "feat_8": 2278.507824063301,
  "feat_9": 24256.724046468735,
  "feat_10": 313.61009979248047,
  "feat_11": 277844.6475362778,
  "feat_12": 94.52029991149902,
  "feat_13": 3120.018747329712,
  "feat_14": 99028.74579167366,
  "feat_15": 70039.47242283821,
  "feat_16": 6852.948712587357,
  "feat_17": 30590.960600852966,
  "feat_18": 261.74589920043945,
  "feat_19": 1118.7132081985474,
  "feat_20": 4540.901706695557,
  "feat_21": 342.687198638916,
  "feat_22": 165.27191972732544,
  "feat_23": 13165.17380809784,
  "feat_24": 8710.918280482292,
  "feat_25": 37160.145273685455,
  "feat_26": 60689.796847105026,
  "feat_27": 2486.953754425049,
  "feat_28": 135.34034061431885,
  "feat_29": 7676.6235065460205,
  "feat_30": 9000.116730213165,
  "feat_31": 49.53760051727295,
  "feat_32": 8950.550188302994,
  "feat_33": 2948.853008747101,
  "feat_34": 244861.6473622322,
  "feat_35": 4283.904317378998,
  "feat_36": 21026.39332318306,
  "feat_37": 3322.953476190567,
  "feat_38": 1151.2452068328857,
  "feat_39": 96949.59741294384,
  "feat_40": 41612.49707829952,
  "feat_41": 8191.022976875305,
  "feat_42": 81355.35912156105,
  "feat_43": 35476.79990589619,
  "feat_44": 759.413499712944,
  "feat_45": 9894.82983493805,
  "feat_46": 66.99800109863281,
  "feat_47": 42214.414930820465,
  "feat_48": 29800.750520706177,
  "feat_49": 135.65256214141846,
  "feat_50": 38032.52168560028,
  "feat_51": 1561.55020236969,
  "feat_52": 967.0768899917603,
  "feat_53": 32480.455019950867,
  "feat_54": 1079.2480463981628,
  "feat_55": 3879.759864807129,
  "feat_56": 21891.194429397583,
  "feat_57": 11794.341873645782,
  "feat_58": 4461.631284236908,
  "feat_59": 13945.485570907593,
  "feat_60": 254184.8524684906,
  "feat_61": 1845.5574102401733,
  "feat_62": 17570.469785928726,
  "feat_63": 466.4736957550049,
  "feat_64": 9141.3575258255,
  "feat_65": 440.59237909317017,
  "feat_66": 2048.3255581855774,
  "feat_67": 18576.821784496307,
  "feat_68": 66326.70153903961,
  "feat_69": 58867.755787849426,
  "feat_70": 955.7411651611328,
  "feat_71": 8618.631100416183,
  "feat_72": 10074.64416050911,
  "feat_73": 2148.543285369873,
  "feat_74": 363.48909759521484,
  "feat_75": 23757.581112384796,
  "feat_76": 3085.103945016861,
  "feat_77": 7522.283100128174,
  "feat_78": 16301.584512710571,
  "feat_79": 5404.590662479401,
  "feat_80": 1341.4136171340942,
  "feat_81": 1442.9553208351135,
  "feat_82": 41.074798583984375,
  "feat_83": 12084.010303974152,
  "feat_84": 4643.665524482727,
  "feat_85": 5652.607674121857,
  "feat_86": 56219.044011592865,
  "feat_87": 3809.167398095131,
  "feat_88": 14542.329204559326,
  "feat_89": 1661.9657195806503,
  "feat_90": 173045.29458522797,
  "feat_91": 26636.793520450592,
  "feat_92": 11131.872935295105,
  "feat_93": 3533.553381204605,
  "pca_0": 202749.53211820126,
  "pca_1": 222366.48940336704,
  "pca_2": 70423.33007478714,
  "pca_3": 72147.25554591417,
  "pca_4": 160893.94931274652,
  "pca_5": 120699.35750353336,
  "pca_6": 73369.13272452354,
  "pca_7": 357787.7368427515,
  "pca_8": 59480.453052163124,
  "pca_9": 45048.73307645321,
  "pca_10": 52312.550141096115,
  "pca_11": 95906.77615737915,
  "pca_12": 156838.22582900524,
  "pca_13": 27347.125831246376,
  "pca_14": 53827.96619319916,
  "pca_15": 60816.31209445,
  "pca_16": 173425.77025020123,
  "pca_17": 30140.120075583458,
  "pca_18": 27475.71549642086,
  "pca_19": 15509.51351171732
}