{
  "feat_1": 11369.659355096286,
  "feat_2": 1372.6136162759503,
  "feat_3": 3585.4192462129013,
  "feat_4": 2295.9339076103643,
  "feat_5": 3227.752161326862,
  "feat_6": 1473.9626461614062,
  "feat_7": 4113.161642797706,
  "feat_8": 6337.641646248072,
  "feat_9": 22931.59575406718,
  "feat_10": 4273.92807578342,
  "feat_11": 171833.84216806482,
  "feat_12": 1433.1214076095494,
  "feat_13": 6902.743792065338,
  "feat_14": 58278.18370872224,
  "feat_15": 45790.124873680994,
  "feat_16": 10005.416488190007,
  "feat_17": 22588.2498739763,
  "feat_18": 2730.8537267613983,
  "feat_19": 1503.437940478325,
  "feat_20": 5492.925456382334,
  "feat_21": 3602.8620677978033,
  "feat_22": 2898.3838053420804,
  "feat_23": 10513.94170974992,
  "feat_24": 10498.363030534907,
  "feat_25": 32089.878154625316,
  "feat_26": 41867.749606708465,
  "feat_27": 3644.193640947342,
  "feat_28": 1605.8901193493512,
  "feat_29": 8213.337320514023,
  "feat_30": 11248.239782372195,
  "feat_31": 1871.9078716016375,
  "feat_32": 13387.76578080588,
  "feat_33": 10052.275350576154,
  "feat_34": 142082.17035766126,
  "feat_35": 5013.760746693239,
  "feat_36": 14967.541226105925,
  "feat_37": 7477.668106064516,
  "feat_38": 4803.704942877845,
  "feat_39": 55066.59477464213,
  "feat_40": 33904.68778459857,
  "feat_41": 10036.175195178716,
  "feat_42": 65015.1949119141,
  "feat_43": 39877.042452548056,
  "feat_44": 3881.874753042124,
  "feat_45": 7598.732826397289,
  "feat_46": 1567.8205764241993,
  "feat_47": 30648.149713744846,
  "feat_48": 30682.58338301698,
  "feat_49": 2045.7995912153274,
  "feat_50": 24036.23043213383,
  "feat_51": 1955.4517254073871,
  "feat_52": 2562.9327345241254,
  "feat_53": 23587.574607157818,
  "feat_54": 3652.924710417399,
  "feat_55": 5936.902549384162,
  "feat_56": 20036.191723816082,
  "feat_57": 16226.961127701317,
  "feat_58": 5604.57139249146,
  "feat_59": 12967.965509390895,
  "feat_60": 150587.81494278944,
  "feat_61": 2247.3815303829033,
  "feat_62": 15049.76852782808,
  "feat_63": 3792.7037983504706,
  "feat_64": 12363.08528336224,
  "feat_65": 2820.6908043573203,
  "feat_66": 7348.738139725889,
  "feat_67": 17155.05907803597,
  "feat_68": 47354.61905630647,
  "feat_69": 35662.0494520092,
  "feat_70": 6222.583190930774,
  "feat_71": 13023.196374810068,
  "feat_72": 11834.57445105398,
  "feat_73": 3353.6040734642884,
  "feat_74": 3126.395982965827,
  "feat_75": 21118.769729951717,
  "feat_76": 5730.854323881591,
  "feat_77": 7958.660712588957,
  "feat_78": 12614.3048016946,
  "feat_79": 8029.103213705006,
  "feat_80": 3120.120030784474,
  "feat_81": 2904.648465781218,
  "feat_82": 738.9110543445995,
  "feat_83": 11666.145118120126,
  "feat_84": 5162.266849041916,
  "feat_85": 10550.6740345906,
  "feat_86": 42232.44393459498,
  "feat_87": 7833.922931276262,
  "feat_88": 17890.363268957473,
  "feat_89": 4545.867099148859,
  "feat_90": 99564.90870987915,
  "feat_91": 19439.214320574407,
  "feat_92": 15161.538322111737,
  "feat_93": 5332.937077198789,
  "pca_0": 168974.91041243414,
  "pca_1": 158455.22275421867,
  "pca_2": 70556.60144239003,
  "pca_3": 67257.3725997301,
  "pca_4": 133374.03445188442,
  "pca_5": 109651.23448080593,
  "pca_6": 77476.35366111825,
  "pca_7": 243575.48064411548,
  "pca_8": 60435.697425823295,
  "pca_9": 44864.8613859866,
  "pca_10": 53618.95294459933,
  "pca_11": 73160.4111852593,
  "pca_12": 127250.5167049236,
  "pca_13": 39345.00306427122,
  "pca_14": 50130.703800263684,
  "pca_15": 59602.68542109862,
  "pca_16": 125649.18257783155,
  "pca_17": 40874.05278387005,
  "pca_18": 41311.457185371066,
  "pca_19": 33613.01409033454
}