{
  "feat_1": 10912.747216543881,
  "feat_2": 1388.741161806509,
  "feat_3": 2773.901948120387,
  "feat_4": 2426.442243619589,
  "feat_5": 3693.6935966152264,
  "feat_6": 1491.309504237026,
  "feat_7": 4435.268776832614,
  "feat_8": 5342.14442929667,
  "feat_9": 21243.4248416415,
  "feat_10": 4267.974462095648,
  "feat_11": 167274.1974230113,
  "feat_12": 1417.9380656316644,
  "feat_13": 6369.348761717483,
  "feat_14": 61234.9046626662,
  "feat_15": 41987.59264887778,
  "feat_16": 10931.032204578541,
  "feat_17": 23287.36115120999,
  "feat_18": 3075.170879949641,
  "feat_19": 1701.0027257147012,
  "feat_20": 4986.095191392276,
  "feat_21": 4010.9358323574415,
  "feat_22": 3557.128032512086,
  "feat_23": 9205.508817608177,
  "feat_24": 10968.324388409581,
  "feat_25": 28631.364989944523,
  "feat_26": 43444.38808632642,
  "feat_27": 3162.9160225130618,
  "feat_28": 1337.6828338922933,
  "feat_29": 8691.627104824409,
  "feat_30": 12742.673694365134,
  "feat_31": 1850.6709164218046,
  "feat_32": 13007.081718094181,
  "feat_33": 8416.031746741326,
  "feat_34": 141690.30387942825,
  "feat_35": 6043.262841096264,
  "feat_36": 9496.033357926186,
  "feat_37": 6791.808164600138,
  "feat_38": 5026.924280132771,
  "feat_39": 58089.260822478056,
  "feat_40": 29226.387417930087,
  "feat_41": 10692.786921358376,
  "feat_42": 64702.004299651366,
  "feat_43": 37414.89164690052,
  "feat_44": 3298.261621203448,
  "feat_45": 7942.9840125683695,
  "feat_46": 1655.7886054890405,
  "feat_47": 27497.997680347646,
  "feat_48": 28858.334833180066,
  "feat_49": 2054.2012371961027,
  "feat_50": 24865.12685649847,
  "feat_51": 1708.3420584961132,
  "feat_52": 2430.362738167867,
  "feat_53": 21617.73310235665,
  "feat_54": 3983.138408875093,
  "feat_55": 5904.28152143769,
  "feat_56": 19002.85610780996,
  "feat_57": 16344.776661881737,
  "feat_58": 4872.4991017328575,
  "feat_59": 10161.3284157874,
  "feat_60": 146502.36917347583,
  "feat_61": 3231.0108959993813,
  "feat_62": 12499.602210577112,
  "feat_63": 3049.063139308244,
  "feat_64": 11265.146495507634,
  "feat_65": 2409.747744752818,
  "feat_66": 7471.823186695699,
  "feat_67": 15533.436304945732,
  "feat_68": 48991.042300725356,
  "feat_69": 26454.257608384825,
  "feat_70": 6093.301256859908,
  "feat_71": 13342.091649633949,
  "feat_72": 10825.299827551004,
  "feat_73": 3246.280465785647,
  "feat_74": 3289.833890543814,
  "feat_75": 23853.568285723217,
  "feat_76": 5553.732638088288,
  "feat_77": 8078.879357715836,
  "feat_78": 13634.067943471484,
  "feat_79": 8939.76782982098,
  "feat_80": 3529.8223624947304,
  "feat_81": 3094.297562474385,
  "feat_82": 615.6004743352532,
  "feat_83": 10892.135741741942,
  "feat_84": 5420.724535808389,
  "feat_85": 9976.849285280448,
  "feat_86": 38815.02203973342,
  "feat_87": 7441.576580904031,
  "feat_88": 16582.29895710593,
  "feat_89": 4168.063086868264,
  "feat_90": 103469.21232167608,
  "feat_91": 20167.74730434404,
  "feat_92": 13829.41096143018,
  "feat_93": 5756.045096796006,
  "pca_0": 167721.3155879667,
  "pca_1": 158993.58038155193,
  "pca_2": 72996.33792869009,
  "pca_3": 65923.84475716267,
  "pca_4": 127117.23044510768,
  "pca_5": 112509.96360066527,
  "pca_6": 72156.59515263,
  "pca_7": 251465.83290887612,
  "pca_8": 58687.503956021814,
  "pca_9": 45346.87854180975,
  "pca_10": 55839.69530089757,
  "pca_11": 76626.42904279663,
  "pca_12": 129001.44057999736,
  "pca_13": 40056.883686525005,
  "pca_14": 47838.90547928649,
  "pca_15": 55362.46788224252,
  "pca_16": 122284.7531385422,
  "pca_17": 40084.01341012921,
  "pca_18": 38989.41565694563,
  "pca_19": 29229.615055209317
}