{
  "feat_1": 21197.905168704616,
  "feat_2": 3975.42864443874,
  "feat_3": 4055.4930256191165,
  "feat_4": 5316.557981444581,
  "feat_5": 7404.449565306149,
  "feat_6": 2289.67324167723,
  "feat_7": 8174.843863973976,
  "feat_8": 12929.201487738732,
  "feat_9": 40830.74355848881,
  "feat_10": 9420.515483174247,
  "feat_11": 354372.2259049113,
  "feat_12": 2750.2293014643365,
  "feat_13": 12056.77288750889,
  "feat_14": 107127.96671455572,
  "feat_15": 91720.43074845347,
  "feat_16": 21146.208118313203,
  "feat_17": 45674.91896354766,
  "feat_18": 6474.5270713014515,
  "feat_19": 3149.4969676794717,
  "feat_20": 11101.566439706716,
  "feat_21": 7929.302163019576,
  "feat_22": 6132.466752958487,
  "feat_23": 17778.093973012554,
  "feat_24": 21835.824292362722,
  "feat_25": 55343.99784832327,
  "feat_26": 85166.7510347887,
  "feat_27": 7529.779246871376,
  "feat_28": 3548.043403841766,
  "feat_29": 17221.78179185983,
  "feat_30": 27427.382377865462,
  "feat_31": 3938.2478833574824,
  "feat_32": 27108.88280808845,
  "feat_33": 19616.14541713595,
  "feat_34": 303967.1001042007,
  "feat_35": 12012.321394137922,
  "feat_36": 22353.192631350565,
  "feat_37": 14556.918931343673,
  "feat_38": 10821.52797756507,
  "feat_39": 113463.15742701663,
  "feat_40": 66688.97405626641,
  "feat_41": 21822.23350712844,
  "feat_42": 127573.63988963037,
  "feat_43": 71948.18152170615,
  "feat_44": 6968.963036228036,
  "feat_45": 13979.778704805067,
  "feat_46": 3441.410283561793,
  "feat_47": 52789.95992940505,
  "feat_48": 57038.89269543735,
  "feat_49": 4684.157824992086,
  "feat_50": 48523.360404980805,
  "feat_51": 4371.463275230286,
  "feat_52": 5005.850653177309,
  "feat_53": 49861.96731887385,
  "feat_54": 8183.930299453724,
  "feat_55": 11294.694955093088,
  "feat_56": 35538.82874434674,
  "feat_57": 35717.24323631021,
  "feat_58": 8649.785714322701,
  "feat_59": 22811.368384474255,
  "feat_60": 294879.95340393163,
  "feat_61": 5918.3556686101365,
  "feat_62": 36193.15702015859,
  "feat_63": 6235.6442495185765,
  "feat_64": 23194.134368269075,
  "feat_65": 5888.312522332631,
  "feat_66": 13501.994633330192,
  "feat_67": 35825.017658148434,
  "feat_68": 92069.66526662791,
  "feat_69": 63520.54968242638,
  "feat_70": 12176.806663127583,
  "feat_71": 24979.40160797816,
  "feat_72": 22600.27656422012,
  "feat_73": 6531.258437418379,
  "feat_74": 6113.073738533305,
  "feat_75": 38046.92470800549,
  "feat_76": 12156.047342978178,
  "feat_77": 17912.303366879696,
  "feat_78": 25736.072564871516,
  "feat_79": 17191.06122780581,
  "feat_80": 6678.785707285522,
  "feat_81": 7095.035481599918,
  "feat_82": 1541.40868929198,
  "feat_83": 25363.596348231193,
  "feat_84": 8758.724674959958,
  "feat_85": 20707.664850963407,
  "feat_86": 77450.54587648458,
  "feat_87": 15626.106540708986,
  "feat_88": 37505.7329281359,
  "feat_89": 10017.568506322452,
  "feat_90": 203858.37315300305,
  "feat_91": 40998.93787395709,
  "feat_92": 29681.481898549286,
  "feat_93": 8682.944006878752,
  "pca_0": 343217.507113555,
  "pca_1": 306341.3940825886,
  "pca_2": 137176.98088601732,
  "pca_3": 137257.7148495433,
  "pca_4": 248033.89490805886,
  "pca_5": 215916.22735705474,
  "pca_6": 145317.48235799436,
  "pca_7": 502274.279160214,
  "pca_8": 127280.36722260813,
  "pca_9": 93075.21264953543,
  "pca_10": 114776.35931691842,
  "pca_11": 155436.00260617552,
  "pca_12": 240301.45272096398,
  "pca_13": 78245.49753417072,
  "pca_14": 102593.02740435302,
  "pca_15": 114606.17921317572,
  "pca_16": 253853.3758728092,
  "pca_17": 80751.75752138052,
  "pca_18": 80409.03061676657,
  "pca_19": 70465.48356955385
}