{
  "feat_1": 21514.99642850354,
  "feat_2": 3108.644237728091,
  "feat_3": 5702.6695914393695,
  "feat_4": 6223.05218085511,
  "feat_5": 6989.077727386713,
  "feat_6": 2915.294398797094,
  "feat_7": 8722.437869490474,
  "feat_8": 10819.36022045986,
  "feat_9": 41085.85264099776,
  "feat_10": 9297.042334687776,
  "feat_11": 337949.79618528986,
  "feat_12": 3089.1661299163097,
  "feat_13": 12398.581016147305,
  "feat_14": 122512.88265847407,
  "feat_15": 90162.62539441776,
  "feat_16": 22104.454802425935,
  "feat_17": 46459.9609098369,
  "feat_18": 6649.925832304834,
  "feat_19": 2883.154288493479,
  "feat_20": 10390.733590872362,
  "feat_21": 8047.86039846421,
  "feat_22": 6938.096019064501,
  "feat_23": 18452.12812481904,
  "feat_24": 22550.779755439136,
  "feat_25": 56066.260234279565,
  "feat_26": 92563.87489850984,
  "feat_27": 6478.103936116211,
  "feat_28": 2810.4753840855155,
  "feat_29": 17351.022563502524,
  "feat_30": 28046.14718822867,
  "feat_31": 3534.512274429202,
  "feat_32": 25237.31719284904,
  "feat_33": 17765.603927436056,
  "feat_34": 304654.144442717,
  "feat_35": 12962.921517818902,
  "feat_36": 24191.803555886123,
  "feat_37": 13769.052620623768,
  "feat_38": 9885.869140606901,
  "feat_39": 116254.30855059234,
  "feat_40": 64850.227021224615,
  "feat_41": 21997.82528020629,
  "feat_42": 130232.03159050274,
  "feat_43": 74803.48283707668,
  "feat_44": 7242.979007526487,
  "feat_45": 15904.060671816673,
  "feat_46": 3286.245587696314,
  "feat_47": 51996.66794484602,
  "feat_48": 57754.18841189861,
  "feat_49": 4613.960082702125,
  "feat_50": 49206.24583912091,
  "feat_51": 3468.683284475257,
  "feat_52": 5209.351283359021,
  "feat_53": 45713.84357288173,
  "feat_54": 7793.672505577495,
  "feat_55": 11514.90121569857,
  "feat_56": 38258.99621926325,
  "feat_57": 33978.47493563133,
  "feat_58": 9691.707279808354,
  "feat_59": 21274.621783220984,
  "feat_60": 294407.2538902148,
  "feat_61": 6622.435809995103,
  "feat_62": 26694.188765737814,
  "feat_63": 5901.265955242328,
  "feat_64": 24034.433265798885,
  "feat_65": 5154.20517695392,
  "feat_66": 15197.22011596545,
  "feat_67": 32197.2233740119,
  "feat_68": 100315.1504872494,
  "feat_69": 55485.8683151874,
  "feat_70": 12069.804467284537,
  "feat_71": 26544.855495132302,
  "feat_72": 23377.98967494511,
  "feat_73": 7042.9762634985,
  "feat_74": 6103.758894416824,
  "feat_75": 43181.36312204371,
  "feat_76": 10438.630370253886,
  "feat_77": 16167.19288453966,
  "feat_78": 26749.205733315088,
  "feat_79": 18435.5900576407,
  "feat_80": 7085.470087946286,
  "feat_81": 6079.253383006032,
  "feat_82": 1486.884801656939,
  "feat_83": 21671.276366811886,
  "feat_84": 11348.203683012027,
  "feat_85": 20710.94314074114,
  "feat_86": 78407.31755082292,
  "feat_87": 15665.017830349998,
  "feat_88": 33940.08432064955,
  "feat_89": 8323.310270071408,
  "feat_90": 198420.9116723917,
  "feat_91": 41036.58301577183,
  "feat_92": 28110.38753046458,
  "feat_93": 11415.215836759195,
  "pca_0": 348719.1065685109,
  "pca_1": 310677.0243338117,
  "pca_2": 149285.00049021267,
  "pca_3": 136666.2414952263,
  "pca_4": 247862.0755544442,
  "pca_5": 225217.04765084054,
  "pca_6": 144959.19364749262,
  "pca_7": 494335.54553964303,
  "pca_8": 125447.12754653038,
  "pca_9": 92752.31007402366,
  "pca_10": 104026.33482532416,
  "pca_11": 154228.3048657958,
  "pca_12": 241093.28801182986,
  "pca_13": 81458.73024090519,
  "pca_14": 100217.89792447817,
  "pca_15": 112108.06648101432,
  "pca_16": 244055.09165195352,
  "pca_17": 82322.78556679755,
  "pca_18": 81442.89777394151,
  "pca_19": 65404.216468999315
}