{
  "feat_1": 10586.665816739202,
  "feat_2": 1371.3973015030297,
  "feat_3": 2350.7983887956652,
  "feat_4": 3074.8295562731955,
  "feat_5": 3656.0853964069975,
  "feat_6": 1729.6414700329187,
  "feat_7": 5019.957607248027,
  "feat_8": 5728.789250343144,
  "feat_9": 22258.422275120854,
  "feat_10": 4117.2849276637135,
  "feat_11": 179665.3858453126,
  "feat_12": 1596.6647953178763,
  "feat_13": 6424.398243528325,
  "feat_14": 59962.747778008285,
  "feat_15": 46725.38665465161,
  "feat_16": 10117.740509533867,
  "feat_17": 25070.819531393703,
  "feat_18": 3278.203317917687,
  "feat_19": 1566.3209897637134,
  "feat_20": 5840.676538903383,
  "feat_21": 3240.055042830674,
  "feat_22": 3461.2343616462854,
  "feat_23": 10644.623513954808,
  "feat_24": 10158.362854295228,
  "feat_25": 31768.28136694151,
  "feat_26": 39487.1551182378,
  "feat_27": 4048.9814941905156,
  "feat_28": 1677.990263746622,
  "feat_29": 7333.12171559874,
  "feat_30": 12427.887372424826,
  "feat_31": 2053.282088022679,
  "feat_32": 12846.070040874598,
  "feat_33": 8886.836859960016,
  "feat_34": 141515.0380563949,
  "feat_35": 5601.412033710629,
  "feat_36": 10953.694301525968,
  "feat_37": 6484.532933955973,
  "feat_38": 5038.915329320297,
  "feat_39": 54173.6924111736,
  "feat_40": 29198.729320568906,
  "feat_41": 10104.53750813439,
  "feat_42": 61410.09110643061,
  "feat_43": 38237.02230447557,
  "feat_44": 3462.6288545834323,
  "feat_45": 6673.85853772983,
  "feat_46": 1969.07854434997,
  "feat_47": 27484.43597299792,
  "feat_48": 30505.369922703125,
  "feat_49": 1991.282288065995,
  "feat_50": 25620.285001617565,
  "feat_51": 1877.3730745445937,
  "feat_52": 2511.464711387467,
  "feat_53": 23282.48239664128,
  "feat_54": 3580.793446381921,
  "feat_55": 6439.498902417701,
  "feat_56": 19232.778458796372,
  "feat_57": 16224.067970038857,
  "feat_58": 4545.925408440089,
  "feat_59": 10108.52940023318,
  "feat_60": 151233.06732753513,
  "feat_61": 2327.66687682271,
  "feat_62": 14384.09187980402,
  "feat_63": 3216.442019217473,
  "feat_64": 10376.552685763038,
  "feat_65": 2831.5710108717903,
  "feat_66": 6523.5238093996795,
  "feat_67": 16990.761180823585,
  "feat_68": 48542.74610322498,
  "feat_69": 27950.96794076978,
  "feat_70": 6058.424092442845,
  "feat_71": 12960.872236067855,
  "feat_72": 11207.220765297905,
  "feat_73": 3372.2939203598507,
  "feat_74": 2960.565899660811,
  "feat_75": 24179.18953662156,
  "feat_76": 5881.2351134148075,
  "feat_77": 8442.439103420824,
  "feat_78": 11589.167111698538,
  "feat_79": 9540.04496795591,
  "feat_80": 3122.0437526272144,
  "feat_81": 3096.8607512246817,
  "feat_82": 584.2024980233982,
  "feat_83": 13814.693851509044,
  "feat_84": 4710.741823406712,
  "feat_85": 10702.65629413689,
  "feat_86": 38279.020832823895,
  "feat_87": 6753.038320780266,
  "feat_88": 18285.44657864765,
  "feat_89": 4227.475561186671,
  "feat_90": 109520.68615914177,
  "feat_91": 21184.5715908601,
  "feat_92": 14255.897709781362,
  "feat_93": 5086.815123246983,
  "pca_0": 167004.7482707407,
  "pca_1": 151962.53915268363,
  "pca_2": 75942.7045720481,
  "pca_3": 64310.53989889208,
  "pca_4": 123560.80518496796,
  "pca_5": 108591.74267300598,
  "pca_6": 73311.48413188997,
  "pca_7": 250516.6235195333,
  "pca_8": 59171.96616180014,
  "pca_9": 45832.68528813841,
  "pca_10": 55189.26438232985,
  "pca_11": 79570.88363794488,
  "pca_12": 128356.13011007724,
  "pca_13": 37242.36576301075,
  "pca_14": 48888.64403340725,
  "pca_15": 58822.55224521226,
  "pca_16": 124010.86850869951,
  "pca_17": 39890.405364457765,
  "pca_18": 40797.589861932545,
  "pca_19": 31330.693037469126
}