{
  "feat_1": 14575.768461465836,
  "feat_2": 2262.5739521980286,
  "feat_3": 4450.059216141701,
  "feat_4": 3720.95434820652,
  "feat_5": 3793.3951110839844,
  "feat_6": 1392.4209069609642,
  "feat_7": 5924.067597150803,
  "feat_8": 7102.6712110340595,
  "feat_9": 37217.32419192791,
  "feat_10": 3833.0831139087677,
  "feat_11": 343482.2070014477,
  "feat_12": 796.9156527221203,
  "feat_13": 9710.442483566701,
  "feat_14": 105872.85930086672,
  "feat_15": 86247.34777991474,
  "feat_16": 13085.333067387342,
  "feat_17": 40372.88831472397,
  "feat_18": 2431.9775774478912,
  "feat_19": 1873.3876904249191,
  "feat_20": 7699.5722569823265,
  "feat_21": 3347.4754482507706,
  "feat_22": 2161.0380992889404,
  "feat_23": 19107.762440502644,
  "feat_24": 15181.687817648053,
  "feat_25": 53365.2811126709,
  "feat_26": 80757.39809787273,
  "feat_27": 5585.05953681469,
  "feat_28": 1046.4659787416458,
  "feat_29": 12108.231467157602,
  "feat_30": 18025.870281994343,
  "feat_31": 1692.4832953065634,
  "feat_32": 18655.861341059208,
  "feat_33": 13539.264931380749,
  "feat_34": 301161.3729005237,
  "feat_35": 8785.27046829462,
  "feat_36": 29911.172756701708,
  "feat_37": 9783.099580943584,
  "feat_38": 6129.815232515335,
  "feat_39": 105914.62146160007,
  "feat_40": 63842.91304194927,
  "feat_41": 16153.921369194984,
  "feat_42": 118880.68521559238,
  "feat_43": 67692.5211311467,
  "feat_44": 3969.809350013733,
  "feat_45": 12741.4168388322,
  "feat_46": 981.2801489830017,
  "feat_47": 56470.673055529594,
  "feat_48": 47453.68657153845,
  "feat_49": 1837.3568511605263,
  "feat_50": 45028.66900855303,
  "feat_51": 3024.7397341281176,
  "feat_52": 2766.9251704216003,
  "feat_53": 42156.58204849064,
  "feat_54": 3533.000892162323,
  "feat_55": 7827.904892444611,
  "feat_56": 32745.644321020693,
  "feat_57": 29977.75689558685,
  "feat_58": 8203.157967090607,
  "feat_59": 21589.23104453087,
  "feat_60": 299241.4033945799,
  "feat_61": 3438.194695711136,
  "feat_62": 24865.722872104496,
  "feat_63": 4718.036660790443,
  "feat_64": 15722.312266945839,
  "feat_65": 2160.738633751869,
  "feat_66": 9669.62679195404,
  "feat_67": 26344.274974104017,
  "feat_68": 87184.2155727297,
  "feat_69": 68077.46044439077,
  "feat_70": 5525.519306600094,
  "feat_71": 19681.585124611855,
  "feat_72": 17459.040897488594,
  "feat_73": 3831.5567893087864,
  "feat_74": 4042.9066917970777,
  "feat_75": 29831.48204354942,
  "feat_76": 6977.284541130066,
  "feat_77": 12964.388606607914,
  "feat_78": 24308.38860499859,
  "feat_79": 12528.248791515827,
  "feat_80": 3302.4227994680405,
  "feat_81": 3643.330149412155,
  "feat_82": 467.9151382446289,
  "feat_83": 20552.36803649366,
  "feat_84": 9234.632742106915,
  "feat_85": 13076.255977988243,
  "feat_86": 73295.03652302921,
  "feat_87": 10566.26781452517,
  "feat_88": 24497.762975275517,
  "feat_89": 5807.419161379337,
  "feat_90": 188219.46776519716,
  "feat_91": 37603.397907245904,
  "feat_92": 23854.57819743827,
  "feat_93": 7790.132052779198,
  "pca_0": 305247.55727344006,
  "pca_1": 276974.288138628,
  "pca_2": 108356.55738849193,
  "pca_3": 109932.70420330763,
  "pca_4": 216686.24342298508,
  "pca_5": 188396.5062232986,
  "pca_6": 120943.54905703664,
  "pca_7": 453403.27257115394,
  "pca_8": 89539.81500315666,
  "pca_9": 62554.37667607516,
  "pca_10": 76182.87874945253,
  "pca_11": 117044.14718097448,
  "pca_12": 203567.71059389412,
  "pca_13": 49454.96069985628,
  "pca_14": 80039.11609575152,
  "pca_15": 88286.14984952286,
  "pca_16": 224005.8039343059,
  "pca_17": 49954.78995411098,
  "pca_18": 50455.53560651094,
  "pca_19": 36831.61539940536
}