{
  "feat_1": 14154.603494644165,
  "feat_2": 2849.6670606583357,
  "feat_3": 2693.8335456848145,
  "feat_4": 3233.806265220046,
  "feat_5": 4639.934696850833,
  "feat_6": 1212.263026183471,
  "feat_7": 6256.974188685417,
  "feat_8": 7330.333560377359,
  "feat_9": 33934.92351362109,
  "feat_10": 4660.708539754152,
  "feat_11": 349638.68723679427,
  "feat_12": 846.2788896858692,
  "feat_13": 7916.603095389903,
  "feat_14": 99024.1255709501,
  "feat_15": 84930.0914747119,
  "feat_16": 13767.38310585916,
  "feat_17": 40545.12643329799,
  "feat_18": 3175.813372924924,
  "feat_19": 1971.93748575449,
  "feat_20": 7254.001464664936,
  "feat_21": 4359.080542132258,
  "feat_22": 2166.163947701454,
  "feat_23": 15443.164761900902,
  "feat_24": 15021.661389246583,
  "feat_25": 42786.13018518686,
  "feat_26": 80328.67233681679,
  "feat_27": 4862.141561031342,
  "feat_28": 1469.8972177505493,
  "feat_29": 13445.687054529786,
  "feat_30": 24167.805906176567,
  "feat_31": 1828.46825543046,
  "feat_32": 19071.5689843297,
  "feat_33": 12448.131578966975,
  "feat_34": 300192.1237530987,
  "feat_35": 9773.263850092888,
  "feat_36": 17684.34918510914,
  "feat_37": 9448.275097347796,
  "feat_38": 7139.126508012414,
  "feat_39": 110285.2149867788,
  "feat_40": 58661.223660539836,
  "feat_41": 17884.609176903963,
  "feat_42": 120302.42097526789,
  "feat_43": 61030.18348225951,
  "feat_44": 3191.2314720749855,
  "feat_45": 11610.940456300974,
  "feat_46": 1361.8317405581474,
  "feat_47": 48767.82939880667,
  "feat_48": 44411.82867478859,
  "feat_49": 3046.6623005867004,
  "feat_50": 43535.89734208584,
  "feat_51": 2928.853043049574,
  "feat_52": 2534.996913909912,
  "feat_53": 44290.91264170408,
  "feat_54": 3736.0148337334394,
  "feat_55": 7230.005244791508,
  "feat_56": 29490.567768216133,
  "feat_57": 31945.339690208435,
  "feat_58": 6696.931042134762,
  "feat_59": 17149.586818426847,
  "feat_60": 289886.74718773365,
  "feat_61": 4790.351916313171,
  "feat_62": 30654.389864593744,
  "feat_63": 3640.070118188858,
  "feat_64": 15373.16080147028,
  "feat_65": 2543.856340587139,
  "feat_66": 7939.919855237007,
  "feat_67": 29327.67084622383,
  "feat_68": 85184.23408937454,
  "feat_69": 61578.92420005798,
  "feat_70": 5840.547822415829,
  "feat_71": 18702.270203202963,
  "feat_72": 15315.595627844334,
  "feat_73": 3714.946547150612,
  "feat_74": 3722.804085791111,
  "feat_75": 34017.40379628725,
  "feat_76": 7815.560623794794,
  "feat_77": 15377.63513815403,
  "feat_78": 23569.07234454155,
  "feat_79": 13325.402623295784,
  "feat_80": 4069.7688023597,
  "feat_81": 4712.5039674043655,
  "feat_82": 510.6761176586151,
  "feat_83": 22245.83684826782,
  "feat_84": 7606.5728475004435,
  "feat_85": 12580.331689715385,
  "feat_86": 68026.0880536437,
  "feat_87": 10046.959300041199,
  "feat_88": 27017.60426702071,
  "feat_89": 6917.930482268333,
  "feat_90": 201376.2388100624,
  "feat_91": 37770.43630975485,
  "feat_92": 24339.057961776853,
  "feat_93": 6687.468027707189,
  "pca_0": 304632.4909960167,
  "pca_1": 276510.6212472394,
  "pca_2": 108894.40042077703,
  "pca_3": 105219.87222335301,
  "pca_4": 212054.19528939,
  "pca_5": 183754.1209146306,
  "pca_6": 113364.45334849227,
  "pca_7": 472683.07640808076,
  "pca_8": 93574.49937557429,
  "pca_9": 66315.73352677375,
  "pca_10": 84590.52805154584,
  "pca_11": 126510.13605208322,
  "pca_12": 207523.11657856026,
  "pca_13": 48851.61442069709,
  "pca_14": 75020.90719926544,
  "pca_15": 85447.44249682315,
  "pca_16": 222530.11669915915,
  "pca_17": 48722.653271347284,
  "pca_18": 48387.98447948601,
  "pca_19": 38002.12799972296
}