{
  "feat_1": 21308.747333276784,
  "feat_2": 2516.835486632955,
  "feat_3": 4768.54182706555,
  "feat_4": 6332.235378661497,
  "feat_5": 7443.174694761547,
  "feat_6": 3428.9617739336963,
  "feat_7": 9580.936476038743,
  "feat_8": 11745.67338945781,
  "feat_9": 40950.0645318175,
  "feat_10": 8083.727650808811,
  "feat_11": 359743.3648089497,
  "feat_12": 2677.492452368606,
  "feat_13": 13147.170700529103,
  "feat_14": 116184.47514770186,
  "feat_15": 93764.95850741841,
  "feat_16": 20834.645648976802,
  "feat_17": 50052.7688810071,
  "feat_18": 6448.057797526486,
  "feat_19": 2692.2858345871937,
  "feat_20": 11385.638176000211,
  "feat_21": 6616.459046086355,
  "feat_22": 6845.498866381306,
  "feat_23": 21043.59635225551,
  "feat_24": 20906.71936591628,
  "feat_25": 63327.72217697113,
  "feat_26": 81023.61775255857,
  "feat_27": 8314.125051650395,
  "feat_28": 3326.577745957242,
  "feat_29": 14938.631035163999,
  "feat_30": 27434.527798301555,
  "feat_31": 3884.6231841971166,
  "feat_32": 25526.320279724387,
  "feat_33": 18160.525011716025,
  "feat_34": 302492.54087459453,
  "feat_35": 11089.648521324794,
  "feat_36": 21579.102488840144,
  "feat_37": 12773.964218581328,
  "feat_38": 9319.319563474273,
  "feat_39": 107947.65410540836,
  "feat_40": 62511.57303882154,
  "feat_41": 20361.48622944415,
  "feat_42": 120210.80787024951,
  "feat_43": 74595.77328706681,
  "feat_44": 6335.123964804909,
  "feat_45": 13575.527664248832,
  "feat_46": 4023.0203525201773,
  "feat_47": 52725.90069429622,
  "feat_48": 59395.860780080206,
  "feat_49": 3775.936019855296,
  "feat_50": 52033.00612558481,
  "feat_51": 3305.3201249931008,
  "feat_52": 5544.751572416586,
  "feat_53": 47933.33218734585,
  "feat_54": 7066.334739714721,
  "feat_55": 13778.568501589994,
  "feat_56": 37184.24657583346,
  "feat_57": 33156.16599367117,
  "feat_58": 9325.897292937854,
  "feat_59": 21072.323426978146,
  "feat_60": 301656.5149956711,
  "feat_61": 5094.019173483364,
  "feat_62": 28056.87151363629,
  "feat_63": 6241.048872591928,
  "feat_64": 22629.95459925436,
  "feat_65": 5432.775198291027,
  "feat_66": 12784.750683870254,
  "feat_67": 33507.84193964795,
  "feat_68": 96929.80048753339,
  "feat_69": 57100.03423073549,
  "feat_70": 12537.32860607341,
  "feat_71": 24888.262322648945,
  "feat_72": 22864.60500233114,
  "feat_73": 6177.394700495701,
  "feat_74": 5556.99119837065,
  "feat_75": 44678.67865835433,
  "feat_76": 11269.436793890873,
  "feat_77": 16793.065834806766,
  "feat_78": 23783.764386761468,
  "feat_79": 18341.69035024423,
  "feat_80": 5384.392733541012,
  "feat_81": 6545.6442288639455,
  "feat_82": 1131.6655737551628,
  "feat_83": 27480.21608278387,
  "feat_84": 9553.23680401221,
  "feat_85": 21220.17114776559,
  "feat_86": 77299.20471211014,
  "feat_87": 13418.242211004579,
  "feat_88": 36682.15804944065,
  "feat_89": 8728.081430476392,
  "feat_90": 210834.5538330169,
  "feat_91": 44511.167682518324,
  "feat_92": 29045.740332251007,
  "feat_93": 10321.42590586895,
  "pca_0": 333334.04644545115,
  "pca_1": 298237.51738817705,
  "pca_2": 148229.33767447306,
  "pca_3": 132171.0282063904,
  "pca_4": 238579.42412882272,
  "pca_5": 215441.50529450938,
  "pca_6": 145601.20893405844,
  "pca_7": 489909.9540031314,
  "pca_8": 118216.78394149488,
  "pca_9": 92248.72503493755,
  "pca_10": 107251.91445981502,
  "pca_11": 156590.98263562558,
  "pca_12": 235545.37896198343,
  "pca_13": 74590.85914034363,
  "pca_14": 98044.50264144888,
  "pca_15": 115312.32731906933,
  "pca_16": 249513.04451097347,
  "pca_17": 78912.82622813933,
  "pca_18": 77533.56695464892,
  "pca_19": 62537.02274382865
}