{
  "feat_1": 20368.873005227342,
  "feat_2": 3869.633233077533,
  "feat_3": 3870.2043763340844,
  "feat_4": 5021.250389016059,
  "feat_5": 7140.579160393833,
  "feat_6": 2170.236624868121,
  "feat_7": 7948.248287967639,
  "feat_8": 12131.244607659282,
  "feat_9": 39815.48500807118,
  "feat_10": 8729.637850573687,
  "feat_11": 353763.4343476589,
  "feat_12": 2456.788916614896,
  "feat_13": 11604.737323950918,
  "feat_14": 105773.27857625701,
  "feat_15": 90679.41125326784,
  "feat_16": 19819.567212514754,
  "feat_17": 45000.27706412253,
  "feat_18": 5931.512230424304,
  "feat_19": 3003.9175662902417,
  "feat_20": 10599.989451314788,
  "feat_21": 7313.6758591079015,
  "feat_22": 5457.655024579554,
  "feat_23": 17442.00995073645,
  "feat_24": 20788.793146748383,
  "feat_25": 53317.94813715592,
  "feat_26": 84550.35378546498,
  "feat_27": 7112.949465553353,
  "feat_28": 3288.7191270986805,
  "feat_29": 16755.030588999158,
  "feat_30": 27119.2881716783,
  "feat_31": 3745.059228495138,
  "feat_32": 26051.887682513458,
  "feat_33": 18291.203433701798,
  "feat_34": 303446.4181308723,
  "feat_35": 11733.188524871948,
  "feat_36": 21722.27389552604,
  "feat_37": 13825.126724253758,
  "feat_38": 10282.12142147799,
  "feat_39": 113027.49899912275,
  "feat_40": 65369.50136034108,
  "feat_41": 21284.23073493588,
  "feat_42": 126484.53981155832,
  "feat_43": 70419.17757566819,
  "feat_44": 6444.014095139872,
  "feat_45": 13707.450422205264,
  "feat_46": 3184.754651652969,
  "feat_47": 52357.64006809079,
  "feat_48": 55141.41339327499,
  "feat_49": 4472.759873475763,
  "feat_50": 47884.77330656952,
  "feat_51": 4177.960605672852,
  "feat_52": 4658.169421918232,
  "feat_53": 49098.12954353259,
  "feat_54": 7537.8367072949095,
  "feat_55": 10690.705974971643,
  "feat_56": 34717.555267604475,
  "feat_57": 35313.94128503893,
  "feat_58": 8452.837058478966,
  "feat_59": 22137.475539149542,
  "feat_60": 294311.61063071986,
  "feat_61": 5810.668986967008,
  "feat_62": 35500.06589536113,
  "feat_63": 5872.773842844093,
  "feat_64": 21879.952646996324,
  "feat_65": 5444.101794030137,
  "feat_66": 12751.361954980457,
  "feat_67": 34872.738243581785,
  "feat_68": 91255.26253097394,
  "feat_69": 63249.07904053957,
  "feat_70": 11075.313063340229,
  "feat_71": 24239.253374665197,
  "feat_72": 21454.938924377937,
  "feat_73": 6208.119601391256,
  "feat_74": 5801.466903611319,
  "feat_75": 37460.81518870358,
  "feat_76": 11608.87268705549,
  "feat_77": 17651.428547298765,
  "feat_78": 25477.08370384993,
  "feat_79": 16736.343407463944,
  "feat_80": 6298.4242984595585,
  "feat_81": 6854.114406239767,
  "feat_82": 1423.6688437702185,
  "feat_83": 24957.164682531264,
  "feat_84": 8660.86262012209,
  "feat_85": 19474.334201118105,
  "feat_86": 75983.67067307606,
  "feat_87": 14976.891383847405,
  "feat_88": 35731.61738001136,
  "feat_89": 9633.167824873282,
  "feat_90": 203556.8600058916,
  "feat_91": 40702.75879081215,
  "feat_92": 29012.717880169632,
  "feat_93": 8416.046714057084,
  "pca_0": 336780.0368113637,
  "pca_1": 300996.82290632883,
  "pca_2": 132037.7875209542,
  "pca_3": 131221.71026118725,
  "pca_4": 241468.27976535007,
  "pca_5": 210275.21933060003,
  "pca_6": 139794.7588921926,
  "pca_7": 496813.7148558807,
  "pca_8": 121120.7451803335,
  "pca_9": 87899.52513957807,
  "pca_10": 108911.27227541103,
  "pca_11": 149927.29742429793,
  "pca_12": 234441.08285258224,
  "pca_13": 72567.51263165554,
  "pca_14": 97368.01374513705,
  "pca_15": 109297.78809713722,
  "pca_16": 248042.8110975117,
  "pca_17": 74750.26351582892,
  "pca_18": 74407.80936920074,
  "pca_19": 64144.81768711736
}