{
  "feat_1": 21059.717859576573,
  "feat_2": 3440.4673171769828,
  "feat_3": 6385.116558335139,
  "feat_4": 5725.29666812862,
  "feat_5": 6135.587205121061,
  "feat_6": 2798.6617420352413,
  "feat_7": 7657.869677976477,
  "feat_8": 12427.305291341701,
  "feat_9": 44488.2048551303,
  "feat_10": 8069.038328394294,
  "feat_11": 347627.4848840736,
  "feat_12": 2655.7174064685555,
  "feat_13": 13969.387455219869,
  "feat_14": 113620.38942869907,
  "feat_15": 92763.34822049228,
  "feat_16": 19703.087164579007,
  "feat_17": 45294.8912025245,
  "feat_18": 5434.539987131441,
  "feat_19": 3019.556968505509,
  "feat_20": 10936.791444124974,
  "feat_21": 6791.050514611299,
  "feat_22": 5793.850664844576,
  "feat_23": 21350.288156437706,
  "feat_24": 21828.36785762421,
  "feat_25": 65253.36997201182,
  "feat_26": 85059.39267641648,
  "feat_27": 7495.044289389742,
  "feat_28": 3058.5012330536747,
  "feat_29": 15697.134135664022,
  "feat_30": 21280.637048312463,
  "feat_31": 3838.737587125972,
  "feat_32": 26396.34592224518,
  "feat_33": 20423.87435688694,
  "feat_34": 304929.0635719348,
  "feat_35": 11014.044519996838,
  "feat_36": 34095.104634625925,
  "feat_37": 14545.784276315608,
  "feat_38": 9511.139505121391,
  "feat_39": 109241.07556715213,
  "feat_40": 72033.79913820168,
  "feat_41": 19762.205465618164,
  "feat_42": 125774.40441769076,
  "feat_43": 78189.00304045173,
  "feat_44": 7568.113438103421,
  "feat_45": 14744.554819561978,
  "feat_46": 3139.201576569105,
  "feat_47": 60549.978516320814,
  "feat_48": 58233.217037803064,
  "feat_49": 3572.362787861377,
  "feat_50": 48772.05984805186,
  "feat_51": 3951.9924904292566,
  "feat_52": 5247.696859572723,
  "feat_53": 47329.263244560694,
  "feat_54": 7788.676707395003,
  "feat_55": 11425.670680815645,
  "feat_56": 38573.49508416733,
  "feat_57": 33524.564312232,
  "feat_58": 10019.126753803343,
  "feat_59": 26207.44927843672,
  "feat_60": 303922.23982802813,
  "feat_61": 4484.111897940165,
  "feat_62": 30154.19367745337,
  "feat_63": 7426.432127076201,
  "feat_64": 23418.78319440171,
  "feat_65": 5314.913725050166,
  "feat_66": 14994.287811855596,
  "feat_67": 33155.17315629773,
  "feat_68": 93388.3928225072,
  "feat_69": 69913.32628826238,
  "feat_70": 11636.008196673361,
  "feat_71": 25725.160722523666,
  "feat_72": 23769.98088826987,
  "feat_73": 6181.947663352801,
  "feat_74": 6231.021098246678,
  "feat_75": 34057.36232804221,
  "feat_76": 11120.54541189567,
  "feat_77": 15320.014049507197,
  "feat_78": 26601.429800757527,
  "feat_79": 15927.450770606625,
  "feat_80": 5538.935968540609,
  "feat_81": 5760.6896936626945,
  "feat_82": 1329.1313795764,
  "feat_83": 23836.539876498282,
  "feat_84": 10612.924700080475,
  "feat_85": 20462.961638472625,
  "feat_86": 82246.26066928724,
  "feat_87": 15277.65531831612,
  "feat_88": 33950.801264824666,
  "feat_89": 8802.144917722399,
  "feat_90": 190259.2914809857,
  "feat_91": 40929.70676988157,
  "feat_92": 29334.56715757283,
  "feat_93": 10062.659699376301,
  "pca_0": 340104.4462936488,
  "pca_1": 303523.7700515403,
  "pca_2": 134110.51838778605,
  "pca_3": 137430.26584536367,
  "pca_4": 250043.0828798599,
  "pca_5": 218936.6823849645,
  "pca_6": 148531.58595031587,
  "pca_7": 479679.0055694869,
  "pca_8": 118756.08201284664,
  "pca_9": 86792.20108071527,
  "pca_10": 102343.67297641159,
  "pca_11": 142566.78767308537,
  "pca_12": 232958.28849416022,
  "pca_13": 76100.11859135031,
  "pca_14": 104979.9493237816,
  "pca_15": 114784.13695987807,
  "pca_16": 251257.58168507245,
  "pca_17": 79177.7572355915,
  "pca_18": 78731.15843060808,
  "pca_19": 65480.45620503995
}