{
  "feat_1": 14859.262132525444,
  "feat_2": 2005.9688927829266,
  "feat_3": 3665.847900569439,
  "feat_4": 4335.161248087883,
  "feat_5": 4291.4624037742615,
  "feat_6": 1397.5940721035004,
  "feat_7": 6572.84446310997,
  "feat_8": 5732.495977670827,
  "feat_9": 33736.16530153155,
  "feat_10": 4999.4133477211,
  "feat_11": 333768.75979691744,
  "feat_12": 1049.1669427454472,
  "feat_13": 8182.882288597524,
  "feat_14": 114203.48738747835,
  "feat_15": 83622.96999588609,
  "feat_16": 15068.60549968481,
  "feat_17": 41471.73437513411,
  "feat_18": 3179.145407497883,
  "feat_19": 1786.3557625114918,
  "feat_20": 7045.940035551786,
  "feat_21": 4071.1363687217236,
  "feat_22": 2754.1441774368286,
  "feat_23": 16443.997100532055,
  "feat_24": 15568.387121590786,
  "feat_25": 43280.320267140865,
  "feat_26": 87821.41705002903,
  "feat_27": 4058.328061580658,
  "feat_28": 720.3672199547291,
  "feat_29": 13509.263721346855,
  "feat_30": 25054.52625453472,
  "feat_31": 1637.483632862568,
  "feat_32": 17411.035891011357,
  "feat_33": 9939.360688194633,
  "feat_34": 301061.81593517656,
  "feat_35": 10492.405547261238,
  "feat_36": 18779.343386381865,
  "feat_37": 8936.530439466238,
  "feat_38": 6478.640599504113,
  "feat_39": 112998.8622969687,
  "feat_40": 56079.57752298245,
  "feat_41": 18338.81581991911,
  "feat_42": 122562.30674338341,
  "feat_43": 64133.69273415208,
  "feat_44": 3286.1607704758644,
  "feat_45": 13445.057920098305,
  "feat_46": 1230.3487091362476,
  "feat_47": 47281.791740357876,
  "feat_48": 46140.05486188643,
  "feat_49": 2714.7136328220367,
  "feat_50": 44798.59056079388,
  "feat_51": 2299.6109302043915,
  "feat_52": 2578.9801492094994,
  "feat_53": 40253.980451762676,
  "feat_54": 3692.0760632157326,
  "feat_55": 7829.396723985672,
  "feat_56": 32142.364647984505,
  "feat_57": 30406.22947871685,
  "feat_58": 7707.16720366478,
  "feat_59": 16402.110768139362,
  "feat_60": 289337.8867768645,
  "feat_61": 5197.039120197296,
  "feat_62": 21647.661578029394,
  "feat_63": 3576.3566688895226,
  "feat_64": 16222.505202203989,
  "feat_65": 1932.1035501360893,
  "feat_66": 9674.33118313551,
  "feat_67": 25579.325100183487,
  "feat_68": 93717.2842028737,
  "feat_69": 53803.85445138812,
  "feat_70": 5956.396740198135,
  "feat_71": 19908.967470288277,
  "feat_72": 16236.947535991669,
  "feat_73": 4192.279965758324,
  "feat_74": 3938.489709019661,
  "feat_75": 39204.80887037516,
  "feat_76": 6343.234325826168,
  "feat_77": 13875.571541038458,
  "feat_78": 24556.734113574028,
  "feat_79": 14537.082238465548,
  "feat_80": 4441.831016130745,
  "feat_81": 3912.6389718055725,
  "feat_82": 543.4462702274323,
  "feat_83": 18336.171000868082,
  "feat_84": 9961.91370010376,
  "feat_85": 13166.514174699783,
  "feat_86": 68638.87033736706,
  "feat_87": 10694.75405806303,
  "feat_88": 23151.92329633236,
  "feat_89": 5285.751792430878,
  "feat_90": 195997.03233516216,
  "feat_91": 37737.577515915036,
  "feat_92": 22561.44163750857,
  "feat_93": 9093.184881687164,
  "pca_0": 311553.30164970085,
  "pca_1": 281454.05074316263,
  "pca_2": 120855.58696757938,
  "pca_3": 105882.60194713654,
  "pca_4": 210290.93709708407,
  "pca_5": 192854.106848564,
  "pca_6": 114937.0204833746,
  "pca_7": 465531.8909774227,
  "pca_8": 94072.46375615895,
  "pca_9": 66606.552778095,
  "pca_10": 74670.55272592895,
  "pca_11": 126761.48777311295,
  "pca_12": 208398.96783755868,
  "pca_13": 51585.83979675174,
  "pca_14": 73060.77313309908,
  "pca_15": 84110.40397110581,
  "pca_16": 213642.90131038427,
  "pca_17": 50562.12158510089,
  "pca_18": 50790.811076543294,
  "pca_19": 34437.43347449601
}