{
  "feat_1": 5532.58643913269,
  "feat_2": 195.14724266529083,
  "feat_3": 2063.350979924202,
  "feat_4": 2212.7274117469788,
  "feat_5": 1158.6312084197998,
  "feat_6": 35.24720001220703,
  "feat_7": 3269.4731822013855,
  "feat_8": 1874.7163977622986,
  "feat_9": 22727.13113462925,
  "feat_10": 1234.3871030807495,
  "feat_11": 272330.87999117374,
  "feat_12": 95.91187024116516,
  "feat_13": 2575.69802570343,
  "feat_14": 107569.41496932507,
  "feat_15": 67314.2761285305,
  "feat_16": 8794.065066099167,
  "feat_17": 31374.43511199951,
  "feat_18": 824.7862766981125,
  "feat_19": 816.9578876495361,
  "feat_20": 4379.903177976608,
  "feat_21": 492.10960388183594,
  "feat_22": 221.53350067138672,
  "feat_23": 11155.290235042572,
  "feat_24": 8189.738944530487,
  "feat_25": 29240.145493388176,
  "feat_26": 67098.00103902817,
  "feat_27": 1094.9722967147827,
  "feat_28": 20.377970457077026,
  "feat_29": 9077.457354545593,
  "feat_30": 16216.860349655151,
  "feat_31": 61.556800842285156,
  "feat_32": 7575.044771909714,
  "feat_33": 1187.1765769720078,
  "feat_34": 243638.70574712753,
  "feat_35": 5896.81710767746,
  "feat_36": 9560.043092727661,
  "feat_37": 2814.571132183075,
  "feat_38": 1152.1107759475708,
  "feat_39": 104093.21836853027,
  "feat_40": 33572.66679811478,
  "feat_41": 9280.74771118164,
  "feat_42": 81485.35884904861,
  "feat_43": 34275.3541687727,
  "feat_44": 357.55062913894653,
  "feat_45": 9379.219841957092,
  "feat_46": 164.52350234985352,
  "feat_47": 34268.42232179642,
  "feat_48": 28118.8966807127,
  "feat_49": 705.9177404642105,
  "feat_50": 36399.24446964264,
  "feat_51": 1025.9155015945435,
  "feat_52": 1019.4933676719666,
  "feat_53": 32297.733909130096,
  "feat_54": 1368.5497641563416,
  "feat_55": 3882.5303263664246,
  "feat_56": 21341.933326244354,
  "feat_57": 11280.78037929535,
  "feat_58": 3788.401885986328,
  "feat_59": 8966.267186164856,
  "feat_60": 249513.3492898941,
  "feat_61": 3365.6818351745605,
  "feat_62": 13970.806920528412,
  "feat_63": 395.01361978054047,
  "feat_64": 8939.487673163414,
  "feat_65": 175.5980987548828,
  "feat_66": 1979.9678316116333,
  "feat_67": 17766.88966846466,
  "feat_68": 71696.18959617615,
  "feat_69": 45971.81278991699,
  "feat_70": 1311.019745349884,
  "feat_71": 7752.094343185425,
  "feat_72": 8134.044321537018,
  "feat_73": 2368.630702018738,
  "feat_74": 769.503824710846,
  "feat_75": 33769.36624419689,
  "feat_76": 2582.261999130249,
  "feat_77": 7123.278900146484,
  "feat_78": 18279.2990899086,
  "feat_79": 6265.498232126236,
  "feat_80": 2192.0189037323,
  "feat_81": 1463.5088567733765,
  "feat_82": 0.0,
  "feat_83": 9477.005027532578,
  "feat_84": 5480.947816848755,
  "feat_85": 6352.28874874115,
  "feat_86": 51713.51423454285,
  "feat_87": 4250.590599060059,
  "feat_88": 13994.362510681152,
  "feat_89": 1769.389287352562,
  "feat_90": 181689.71340751648,
  "feat_91": 27593.001991271973,
  "feat_92": 11072.755090355873,
  "feat_93": 4435.725168585777,
  "pca_0": 206675.9004136324,
  "pca_1": 224479.50499594212,
  "pca_2": 78980.87594985962,
  "pca_3": 69852.4366184473,
  "pca_4": 155124.35599958897,
  "pca_5": 124418.38127291203,
  "pca_6": 69009.81157362461,
  "pca_7": 368977.36773502827,
  "pca_8": 64039.22275185585,
  "pca_9": 48133.890614271164,
  "pca_10": 50635.950688004494,
  "pca_11": 105494.88518428802,
  "pca_12": 161283.55257678032,
  "pca_13": 28108.80587911606,
  "pca_14": 45502.13011741638,
  "pca_15": 56826.96467101574,
  "pca_16": 163488.3073246479,
  "pca_17": 29558.186371922493,
  "pca_18": 27883.773754954338,
  "pca_19": 13836.855586767197
}