{
  "feat_1": 10607.353635542784,
  "feat_2": 1518.9319584158766,
  "feat_3": 2860.090250946879,
  "feat_4": 2809.57353032846,
  "feat_5": 3678.640455355053,
  "feat_6": 1680.209775027819,
  "feat_7": 4815.76584327966,
  "feat_8": 6263.286897793772,
  "feat_9": 21691.183441041114,
  "feat_10": 4216.209626725598,
  "feat_11": 178305.22803849768,
  "feat_12": 1516.625390136207,
  "feat_13": 6540.831186281794,
  "feat_14": 61837.32371006142,
  "feat_15": 46654.289004015096,
  "feat_16": 9891.211533078138,
  "feat_17": 25262.697513769323,
  "feat_18": 3307.836760421749,
  "feat_19": 1551.0021023787558,
  "feat_20": 5991.974800007418,
  "feat_21": 3579.7378804194445,
  "feat_22": 3501.9730182261187,
  "feat_23": 10658.449850566989,
  "feat_24": 10966.402687669091,
  "feat_25": 31538.939099761832,
  "feat_26": 39133.238859213445,
  "feat_27": 4123.763928479828,
  "feat_28": 1687.8530423024058,
  "feat_29": 7488.215719973905,
  "feat_30": 12406.967613356217,
  "feat_31": 2042.0824882062152,
  "feat_32": 13452.562105876214,
  "feat_33": 9539.314599837133,
  "feat_34": 141171.98652974848,
  "feat_35": 4974.917855087317,
  "feat_36": 10933.288850724814,
  "feat_37": 7009.060624978452,
  "feat_38": 5007.300910098042,
  "feat_39": 54153.76272084264,
  "feat_40": 29688.069156717786,
  "feat_41": 10233.311909534059,
  "feat_42": 61478.49298333141,
  "feat_43": 38530.95846007486,
  "feat_44": 3285.3066759133653,
  "feat_45": 6873.390695845708,
  "feat_46": 2046.3205652976908,
  "feat_47": 27106.824906477974,
  "feat_48": 30879.55262221998,
  "feat_49": 2033.0736045267404,
  "feat_50": 25861.78569912275,
  "feat_51": 1773.227705001831,
  "feat_52": 2844.5041821929626,
  "feat_53": 23562.50726258622,
  "feat_54": 3679.771084895675,
  "feat_55": 6723.695614279248,
  "feat_56": 19330.35451956369,
  "feat_57": 15974.295402078656,
  "feat_58": 4406.781226636667,
  "feat_59": 9784.223033436458,
  "feat_60": 151001.71364995601,
  "feat_61": 2461.732367873192,
  "feat_62": 14139.447486805067,
  "feat_63": 3172.416677094996,
  "feat_64": 10832.330334920029,
  "feat_65": 2919.1234637321904,
  "feat_66": 6631.631261908146,
  "feat_67": 16925.500601993546,
  "feat_68": 47514.36136871551,
  "feat_69": 27990.967045748606,
  "feat_70": 6403.646943648462,
  "feat_71": 12823.236031797935,
  "feat_72": 11711.323472724354,
  "feat_73": 3464.7195246010087,
  "feat_74": 3007.4460804089904,
  "feat_75": 21460.47930902478,
  "feat_76": 5598.575877270399,
  "feat_77": 8646.136232694611,
  "feat_78": 11755.84398628585,
  "feat_79": 9441.537837987999,
  "feat_80": 3006.4994109540385,
  "feat_81": 3488.167671607196,
  "feat_82": 603.4846946038306,
  "feat_83": 13761.2080102086,
  "feat_84": 4883.103966318071,
  "feat_85": 10959.156726463854,
  "feat_86": 39225.123765420816,
  "feat_87": 6870.975435609929,
  "feat_88": 18365.294523593326,
  "feat_89": 4390.76735213428,
  "feat_90": 109093.7470671907,
  "feat_91": 21445.08050214919,
  "feat_92": 14329.32117977889,
  "feat_93": 5241.475251898926,
  "pca_0": 168606.79241974434,
  "pca_1": 153795.8876481861,
  "pca_2": 75512.27437342558,
  "pca_3": 65401.332571946696,
  "pca_4": 125555.24796684046,
  "pca_5": 110461.21382394903,
  "pca_6": 73216.24080640888,
  "pca_7": 253064.65250022855,
  "pca_8": 59719.96277846876,
  "pca_9": 47034.70122590225,
  "pca_10": 55286.29161008903,
  "pca_11": 81389.4395137081,
  "pca_12": 128868.21865545043,
  "pca_13": 39408.056242503095,
  "pca_14": 51131.798204456616,
  "pca_15": 58562.881170827466,
  "pca_16": 129927.75374862905,
  "pca_17": 41241.97674472653,
  "pca_18": 40169.28419032709,
  "pca_19": 34751.25972503073
}