{
  "id": 5953207.605543725,
  "feat_1": 448.4338566288878,
  "feat_2": 76.65246367479376,
  "feat_3": 456.37167218726233,
  "feat_4": 188.20644132386778,
  "feat_5": 76.71955214395875,
  "feat_6": 63.1629455286803,
  "feat_7": 297.50061966989165,
  "feat_8": 512.603507995734,
  "feat_9": 3231.085585484898,
  "feat_10": 109.62682785581038,
  "feat_11": 107307.99304659214,
  "feat_12": 4.00322580782813,
  "feat_13": 118.55978147951498,
  "feat_14": 14504.180410978472,
  "feat_15": 10137.404013687445,
  "feat_16": 889.7923733309901,
  "feat_17": 4887.267532318855,
  "feat_18": 124.39964891397969,
  "feat_19": 23.80511741254888,
  "feat_20": 991.3121039533582,
  "feat_21": 23.14445413070469,
  "feat_22": 79.06202904717054,
  "feat_23": 1589.504585488953,
  "feat_24": 1262.5488932039518,
  "feat_25": 4604.826150093975,
  "feat_26": 9566.360714655882,
  "feat_27": 214.78013363717366,
  "feat_28": 18.647959992059615,
  "feat_29": 924.200327556196,
  "feat_30": 2308.561266412642,
  "feat_31": 2.338964426794869,
  "feat_32": 1100.9796266840863,
  "feat_33": 331.00013022009824,
  "feat_34": 330423.74701597897,
  "feat_35": 1313.0100185113342,
  "feat_36": 4858.955901283974,
  "feat_37": 232.7521316228527,
  "feat_38": 234.65390787471992,
  "feat_39": 33486.44957002001,
  "feat_40": 6876.390351723235,
  "feat_41": 906.3193754208065,
  "feat_42": 23585.031224964496,
  "feat_43": 4076.046803637312,
  "feat_44": 122.41406471092267,
  "feat_45": 1002.8556383790137,
  "feat_46": 25.591634436122607,
  "feat_47": 8250.182287777103,
  "feat_48": 3432.921279815173,
  "feat_49": 94.29609009380248,
  "feat_50": 4944.518587872281,
  "feat_51": 154.96013483845817,
  "feat_52": 43.917897423254104,
  "feat_53": 8535.879168532101,
  "feat_54": 318.69613274959977,
  "feat_55": 359.4237540547706,
  "feat_56": 1923.8528262941672,
  "feat_57": 3576.3783176271836,
  "feat_58": 330.5648398144819,
  "feat_59": 2297.876451815295,
  "feat_60": 69867.74550434855,
  "feat_61": 212.038051137658,
  "feat_62": 3399.6458875337494,
  "feat_63": 39.54260957693778,
  "feat_64": 1643.8588880384207,
  "feat_65": 12.224627575643686,
  "feat_66": 138.50860997866334,
  "feat_67": 3520.6408670799337,
  "feat_68": 18519.517436983548,
  "feat_69": 17580.274436124786,
  "feat_70": 82.47036978951591,
  "feat_71": 1762.5563704658061,
  "feat_72": 1523.027726965478,
  "feat_73": 448.901001787033,
  "feat_74": 34.857887533762046,
  "feat_75": 7333.27309122114,
  "feat_76": 1291.1528882537038,
  "feat_77": 790.3564826308676,
  "feat_78": 3448.2182362212116,
  "feat_79": 246.57584770523593,
  "feat_80": 51.002766390428135,
  "feat_81": 44.496984420633794,
  "feat_82": 4.786316384278345,
  "feat_83": 1369.6969480061077,
  "feat_84": 503.1857606575345,
  "feat_85": 979.9331439097577,
  "feat_86": 10087.562027953278,
  "feat_87": 601.3126473033086,
  "feat_88": 2330.41743175455,
  "feat_89": 412.27325088345077,
  "feat_90": 49876.664873692236,
  "feat_91": 4655.131721590973,
  "feat_92": 1406.5580285193334,
  "feat_93": 254.02238821855497,
  "pca_0": 44235.79565587514,
  "pca_1": 54611.93097586475,
  "pca_2": 19987.49850034118,
  "pca_3": 16997.121136461592,
  "pca_4": 38320.33141020514,
  "pca_5": 20388.15781227777,
  "pca_6": 18130.13700659404,
  "pca_7": 76700.6185889041,
  "pca_8": 14550.672916083668,
  "pca_9": 9842.437172915683,
  "pca_10": 17104.889142437773,
  "pca_11": 20864.58157868195,
  "pca_12": 91027.13210098869,
  "pca_13": 5689.948725450861,
  "pca_14": 13589.152530819227,
  "pca_15": 12845.1021157086,
  "pca_16": 46957.77121518051,
  "pca_17": 5034.001678043297,
  "pca_18": 5479.023957222524,
  "pca_19": 2206.670014375183
}