{
  "feat_1": 10972.583885617554,
  "feat_2": 1464.4572992920876,
  "feat_3": 3399.3881750814617,
  "feat_4": 2158.527577124056,
  "feat_5": 3161.6620089647186,
  "feat_6": 1501.0151576539502,
  "feat_7": 3810.689441164024,
  "feat_8": 6338.264734805885,
  "feat_9": 22450.85580574926,
  "feat_10": 4047.4265429318766,
  "feat_11": 170279.76059501048,
  "feat_12": 1488.1979132099077,
  "feat_13": 6444.296408429276,
  "feat_14": 56651.68659283634,
  "feat_15": 44795.1855852195,
  "feat_16": 9610.808266437909,
  "feat_17": 22604.76140228369,
  "feat_18": 2659.7683529145434,
  "feat_19": 1487.5853616567329,
  "feat_20": 5477.795430442202,
  "feat_21": 3468.6079193514774,
  "feat_22": 2965.971704931355,
  "feat_23": 10203.281084503556,
  "feat_24": 10585.36093593284,
  "feat_25": 31903.858117054333,
  "feat_26": 42023.03162257343,
  "feat_27": 3735.727506943098,
  "feat_28": 1659.6784812412225,
  "feat_29": 8073.651607260923,
  "feat_30": 11085.60522105638,
  "feat_31": 1670.4210154693574,
  "feat_32": 12657.596682837175,
  "feat_33": 9574.343547946612,
  "feat_34": 141996.6710901418,
  "feat_35": 5084.093861010591,
  "feat_36": 14477.221440979221,
  "feat_37": 7390.506303456148,
  "feat_38": 4704.565109466203,
  "feat_39": 54698.259255868965,
  "feat_40": 34835.92239410902,
  "feat_41": 10161.962205158285,
  "feat_42": 64249.94077287017,
  "feat_43": 39360.03945478338,
  "feat_44": 3892.807679032907,
  "feat_45": 7520.865455113351,
  "feat_46": 1466.0579830101924,
  "feat_47": 30043.392036751728,
  "feat_48": 29974.062986709618,
  "feat_49": 2159.5597326096613,
  "feat_50": 23881.354063235223,
  "feat_51": 1907.715916577261,
  "feat_52": 2456.8208409651997,
  "feat_53": 23658.917786912367,
  "feat_54": 3781.5696516148746,
  "feat_55": 5772.525282731745,
  "feat_56": 19582.764931021586,
  "feat_57": 15841.760822382756,
  "feat_58": 5725.620132640004,
  "feat_59": 12757.22435468866,
  "feat_60": 149407.07191004083,
  "feat_61": 2266.3216119408607,
  "feat_62": 15070.807444691061,
  "feat_63": 3565.8062012046576,
  "feat_64": 11851.166777446459,
  "feat_65": 2887.951735134193,
  "feat_66": 7290.017112904228,
  "feat_67": 16840.140488862642,
  "feat_68": 45732.78317976821,
  "feat_69": 35640.867949441046,
  "feat_70": 5633.7542466381565,
  "feat_71": 12609.329062751067,
  "feat_72": 11193.032560809484,
  "feat_73": 3404.2704916945368,
  "feat_74": 3020.9330100174993,
  "feat_75": 16646.94928155351,
  "feat_76": 5530.587937677743,
  "feat_77": 7923.111895854847,
  "feat_78": 13102.578536832185,
  "feat_79": 7979.258735586074,
  "feat_80": 3014.216960815713,
  "feat_81": 2758.328203642741,
  "feat_82": 650.4143024622463,
  "feat_83": 11812.340827833861,
  "feat_84": 4924.5889544128695,
  "feat_85": 10084.62463190459,
  "feat_86": 41221.06366139586,
  "feat_87": 7663.314433462084,
  "feat_88": 17458.98919083044,
  "feat_89": 4248.027192845009,
  "feat_90": 99414.40796465857,
  "feat_91": 19688.414386643097,
  "feat_92": 14811.61588629692,
  "feat_93": 5244.295438861474,
  "pca_0": 168235.5711072381,
  "pca_1": 156609.47479751424,
  "pca_2": 67528.37567182089,
  "pca_3": 67071.31061322069,
  "pca_4": 132677.70045188515,
  "pca_5": 107423.77994721665,
  "pca_6": 75106.62554803985,
  "pca_7": 242229.440492523,
  "pca_8": 60195.44796017897,
  "pca_9": 43187.59158450493,
  "pca_10": 52800.48476885728,
  "pca_11": 73041.09685093208,
  "pca_12": 125902.17964012611,
  "pca_13": 37692.42852661352,
  "pca_14": 49754.04147997213,
  "pca_15": 57867.94847742094,
  "pca_16": 132388.02607106534,
  "pca_17": 38883.85372891877,
  "pca_18": 38569.51611041453,
  "pca_19": 33028.92921936776
}