{
  "feat_1": 6148.65007686615,
  "feat_2": 487.7905082702637,
  "feat_3": 1770.6292963027954,
  "feat_4": 2238.167601585388,
  "feat_5": 1738.7228651046753,
  "feat_6": 218.2677984237671,
  "feat_7": 4314.634026050568,
  "feat_8": 3007.5051337480545,
  "feat_9": 21762.629391789436,
  "feat_10": 628.2573003768921,
  "feat_11": 291351.2515230179,
  "feat_12": 0.0,
  "feat_13": 2276.9543521404266,
  "feat_14": 100661.93547725677,
  "feat_15": 70709.87955141068,
  "feat_16": 8005.250172495842,
  "feat_17": 36297.960644721985,
  "feat_18": 833.2903343439102,
  "feat_19": 852.4333076477051,
  "feat_20": 5073.271713256836,
  "feat_21": 602.1233765482903,
  "feat_22": 407.703857421875,
  "feat_23": 12994.905020713806,
  "feat_24": 7902.781102538109,
  "feat_25": 35548.311866641045,
  "feat_26": 58015.014345645905,
  "feat_27": 2753.728391647339,
  "feat_28": 158.46252918243408,
  "feat_29": 7587.813976287842,
  "feat_30": 14442.224497795105,
  "feat_31": 35.17609977722168,
  "feat_32": 8733.108036160469,
  "feat_33": 1870.1250431537628,
  "feat_34": 241884.74043107033,
  "feat_35": 4123.068829298019,
  "feat_36": 7698.689394235611,
  "feat_37": 2644.7160601615906,
  "feat_38": 1462.503306388855,
  "feat_39": 95629.52784883976,
  "feat_40": 31439.58532178402,
  "feat_41": 7387.051483154297,
  "feat_42": 78125.15783274174,
  "feat_43": 34208.38138270378,
  "feat_44": 517.48965883255,
  "feat_45": 7873.408108711243,
  "feat_46": 357.0589952468872,
  "feat_47": 33373.820486068726,
  "feat_48": 29108.937712192535,
  "feat_49": 293.93560123443604,
  "feat_50": 40167.47402095795,
  "feat_51": 1267.799997329712,
  "feat_52": 1515.1863334178925,
  "feat_53": 32113.943641662598,
  "feat_54": 823.9639089107513,
  "feat_55": 4738.355538845062,
  "feat_56": 20585.293608665466,
  "feat_57": 10800.110938072205,
  "feat_58": 3568.0830211639404,
  "feat_59": 7561.394500732422,
  "feat_60": 253043.5953502655,
  "feat_61": 1764.9436922073364,
  "feat_62": 16326.511037349701,
  "feat_63": 349.17059993743896,
  "feat_64": 8625.07378911972,
  "feat_65": 420.9868984222412,
  "feat_66": 1636.2264137268066,
  "feat_67": 18849.521018981934,
  "feat_68": 68094.30900192261,
  "feat_69": 46951.299441337585,
  "feat_70": 1767.5407218933105,
  "feat_71": 8151.09637594223,
  "feat_72": 8827.086518526077,
  "feat_73": 2061.013567686081,
  "feat_74": 414.6213436126709,
  "feat_75": 33615.90605187416,
  "feat_76": 3405.383273124695,
  "feat_77": 8219.73931312561,
  "feat_78": 15691.450511455536,
  "feat_79": 7018.7383942604065,
  "feat_80": 951.0130052566528,
  "feat_81": 2212.681182861328,
  "feat_82": 9.491840362548828,
  "feat_83": 13719.531286716461,
  "feat_84": 4615.183443069458,
  "feat_85": 5745.6065311431885,
  "feat_86": 51746.63452577591,
  "feat_87": 3162.0831146240234,
  "feat_88": 16899.812043905258,
  "feat_89": 2732.213205575943,
  "feat_90": 193457.03648090363,
  "feat_91": 30526.629164218903,
  "feat_92": 11609.979397535324,
  "feat_93": 3701.228212237358,
  "pca_0": 196015.7374125719,
  "pca_1": 213970.57294774055,
  "pca_2": 79093.88978362083,
  "pca_3": 65861.54542851448,
  "pca_4": 153532.8802201748,
  "pca_5": 118222.99407434464,
  "pca_6": 69507.94742524624,
  "pca_7": 367751.5561671257,
  "pca_8": 60840.01584815979,
  "pca_9": 47488.28308606148,
  "pca_10": 55705.20383584499,
  "pca_11": 110033.78979086876,
  "pca_12": 158879.11332166195,
  "pca_13": 27384.657556295395,
  "pca_14": 44475.751943707466,
  "pca_15": 59098.45316815376,
  "pca_16": 169320.31755435467,
  "pca_17": 29557.576692700386,
  "pca_18": 27278.419241309166,
  "pca_19": 15131.194930553436
}