{
  "feat_1": 20520.993392743287,
  "feat_2": 3347.8647938203067,
  "feat_3": 6201.166274753748,
  "feat_4": 5572.214794977801,
  "feat_5": 5980.177736520069,
  "feat_6": 2692.9247675062506,
  "feat_7": 7501.629042233476,
  "feat_8": 11942.550551584285,
  "feat_9": 43918.20224584872,
  "feat_10": 7681.544386208057,
  "feat_11": 347325.73541313544,
  "feat_12": 2523.9741223604383,
  "feat_13": 13658.720049018506,
  "feat_14": 112880.21650971913,
  "feat_15": 92250.75463649447,
  "feat_16": 19079.676803397993,
  "feat_17": 44942.046332679594,
  "feat_18": 5161.735439715234,
  "feat_19": 2939.210052093491,
  "feat_20": 10683.412290641427,
  "feat_21": 6443.3941031773575,
  "feat_22": 5372.016922001567,
  "feat_23": 21176.917783079687,
  "feat_24": 21288.85766277057,
  "feat_25": 64127.91309985267,
  "feat_26": 84767.2305129071,
  "feat_27": 7335.625873413053,
  "feat_28": 2906.6109509023854,
  "feat_29": 15437.194213282495,
  "feat_30": 21055.140564403962,
  "feat_31": 3714.261222364381,
  "feat_32": 25745.742022642866,
  "feat_33": 19779.198036515794,
  "feat_34": 304623.541812852,
  "feat_35": 10832.229987672516,
  "feat_36": 33771.19287992269,
  "feat_37": 14132.806406231262,
  "feat_38": 9207.381856138352,
  "feat_39": 109022.42871747182,
  "feat_40": 71286.37548043537,
  "feat_41": 19462.81742128823,
  "feat_42": 125225.46371215326,
  "feat_43": 77359.99164064479,
  "feat_44": 7215.554276956318,
  "feat_45": 14566.802054321364,
  "feat_46": 2955.6441720495804,
  "feat_47": 60292.161899416824,
  "feat_48": 57196.29276616782,
  "feat_49": 3445.071062538773,
  "feat_50": 48398.629975006275,
  "feat_51": 3880.8986323250574,
  "feat_52": 5063.223073109693,
  "feat_53": 46886.686225767015,
  "feat_54": 7420.838964273804,
  "feat_55": 11112.995211394795,
  "feat_56": 38052.66252934403,
  "feat_57": 33283.89751581689,
  "feat_58": 9891.533283039927,
  "feat_59": 25926.144828189634,
  "feat_60": 303609.0856222318,
  "feat_61": 4416.198469827301,
  "feat_62": 29690.678469768656,
  "feat_63": 7218.272052232176,
  "feat_64": 22717.018481083214,
  "feat_65": 5056.97718324326,
  "feat_66": 14617.213640936461,
  "feat_67": 32578.124994073725,
  "feat_68": 92936.78811629886,
  "feat_69": 69757.07536248025,
  "feat_70": 10995.57879407425,
  "feat_71": 25263.43499036043,
  "feat_72": 23169.95508684966,
  "feat_73": 5971.36228707896,
  "feat_74": 6067.971113700594,
  "feat_75": 33762.62487514441,
  "feat_76": 10787.560727183009,
  "feat_77": 15208.593848261982,
  "feat_78": 26429.029382354012,
  "feat_79": 15714.790484120487,
  "feat_80": 5341.411827786826,
  "feat_81": 5619.685203374254,
  "feat_82": 1281.5362365413457,
  "feat_83": 23616.818907368463,
  "feat_84": 10547.63342276687,
  "feat_85": 19834.796132302086,
  "feat_86": 81420.41578120174,
  "feat_87": 14915.756564971067,
  "feat_88": 33004.38712752433,
  "feat_89": 8582.599356971288,
  "feat_90": 190096.5006401905,
  "feat_91": 40727.908178378864,
  "feat_92": 28919.685394735334,
  "feat_93": 9885.615446650983,
  "pca_0": 336604.7644763178,
  "pca_1": 300705.74193246604,
  "pca_2": 131232.53718235268,
  "pca_3": 134469.93147196324,
  "pca_4": 246785.52802114293,
  "pca_5": 215928.02603467146,
  "pca_6": 145764.21237254658,
  "pca_7": 476958.5444977295,
  "pca_8": 115636.57989845802,
  "pca_9": 84066.33691824571,
  "pca_10": 99334.69248675206,
  "pca_11": 139801.72479649342,
  "pca_12": 229919.01096095185,
  "pca_13": 73009.1104177388,
  "pca_14": 102305.4677117365,
  "pca_15": 112000.90994536418,
  "pca_16": 248412.15821121258,
  "pca_17": 76035.8574965242,
  "pca_18": 75587.21609398794,
  "pca_19": 62145.71540969275
}