{
  "id": 5954370.451808991,
  "feat_1": 617.3705564105511,
  "feat_2": 27.901608273321735,
  "feat_3": 42.17608973723485,
  "feat_4": 240.6098609748225,
  "feat_5": 58.46409600551647,
  "feat_6": 0.2796352952718735,
  "feat_7": 484.6776471861041,
  "feat_8": 396.50728233988104,
  "feat_9": 3336.9427757402314,
  "feat_10": 53.035417103297796,
  "feat_11": 105711.48477982999,
  "feat_12": 14.566420578550943,
  "feat_13": 162.80377088741727,
  "feat_14": 17873.225664544065,
  "feat_15": 10596.740331586443,
  "feat_16": 1060.527322077001,
  "feat_17": 4976.814216881035,
  "feat_18": 117.2467995620544,
  "feat_19": 28.713801194580704,
  "feat_20": 956.7354249664427,
  "feat_21": 35.98945687143883,
  "feat_22": 36.37544603724919,
  "feat_23": 1330.6028965406429,
  "feat_24": 1263.3291715645025,
  "feat_25": 5892.763400081299,
  "feat_26": 12259.45945300274,
  "feat_27": 191.02447262351714,
  "feat_28": 29.30086820110349,
  "feat_29": 952.6966004067697,
  "feat_30": 1443.8679446602948,
  "feat_31": 0.07494016668874792,
  "feat_32": 910.4318285096701,
  "feat_33": 172.25729330893333,
  "feat_34": 330271.61047502916,
  "feat_35": 1147.4808133905203,
  "feat_36": 4619.96611175688,
  "feat_37": 205.55295260146278,
  "feat_38": 94.65655269690443,
  "feat_39": 34332.220276093285,
  "feat_40": 7474.6898476061315,
  "feat_41": 1236.2760594740944,
  "feat_42": 23221.862415513428,
  "feat_43": 4509.148725688504,
  "feat_44": 201.73505188163978,
  "feat_45": 1150.9724952065174,
  "feat_46": 13.905641026556282,
  "feat_47": 8056.00571535013,
  "feat_48": 3392.8314748022017,
  "feat_49": 92.53848241377447,
  "feat_50": 4904.657856219868,
  "feat_51": 127.6810416981904,
  "feat_52": 49.122147589357944,
  "feat_53": 7125.249431180764,
  "feat_54": 121.47392153504778,
  "feat_55": 454.0617835633538,
  "feat_56": 2105.2673004385456,
  "feat_57": 4020.955722315225,
  "feat_58": 574.4322303857455,
  "feat_59": 1639.2678771250974,
  "feat_60": 71248.50261720463,
  "feat_61": 185.09643443072582,
  "feat_62": 2313.501333090477,
  "feat_63": 47.19813979479639,
  "feat_64": 1371.794523042662,
  "feat_65": 4.550894512849032,
  "feat_66": 130.4912931316732,
  "feat_67": 2785.830391792626,
  "feat_68": 21725.941073860347,
  "feat_69": 15829.05982477275,
  "feat_70": 217.9826759124221,
  "feat_71": 1470.086939733102,
  "feat_72": 1213.823589149739,
  "feat_73": 414.17433098979626,
  "feat_74": 69.50064146951195,
  "feat_75": 13078.875101250627,
  "feat_76": 952.4579781327573,
  "feat_77": 624.9270167013237,
  "feat_78": 3631.6687455187707,
  "feat_79": 352.6459518464272,
  "feat_80": 144.40584575230693,
  "feat_81": 95.21235115430318,
  "feat_82": 2.166611037171208,
  "feat_83": 1404.2380074334608,
  "feat_84": 882.533972830046,
  "feat_85": 835.7641253677939,
  "feat_86": 10594.936088340364,
  "feat_87": 600.0297749299054,
  "feat_88": 1190.3641416956957,
  "feat_89": 363.6652468712886,
  "feat_90": 47886.49630791913,
  "feat_91": 4738.817280130219,
  "feat_92": 1359.8858137133527,
  "feat_93": 585.3719948370409,
  "pca_0": 44837.893022073855,
  "pca_1": 51401.746095016904,
  "pca_2": 20958.67251631086,
  "pca_3": 18420.045655262624,
  "pca_4": 35966.35983865945,
  "pca_5": 23218.099646994364,
  "pca_6": 15754.250366047803,
  "pca_7": 76362.87847008764,
  "pca_8": 16248.38022368295,
  "pca_9": 9375.90221404534,
  "pca_10": 16024.908405688491,
  "pca_11": 21146.854327544545,
  "pca_12": 90754.84049371828,
  "pca_13": 5708.409060739348,
  "pca_14": 12835.023785100235,
  "pca_15": 12154.096395668163,
  "pca_16": 40975.125758949776,
  "pca_17": 4557.800371237362,
  "pca_18": 6327.709885515266,
  "pca_19": 1740.0249615605608
}