{
  "feat_1": 10749.433377935704,
  "feat_2": 1483.9606670853682,
  "feat_3": 2791.2248157784343,
  "feat_4": 2337.525249111379,
  "feat_5": 3885.2830260396877,
  "feat_6": 1501.3820551738027,
  "feat_7": 4272.506552483072,
  "feat_8": 5506.273284629513,
  "feat_9": 20920.2755948361,
  "feat_10": 4396.243234797381,
  "feat_11": 166836.68730977038,
  "feat_12": 1403.728060896974,
  "feat_13": 6080.051921572536,
  "feat_14": 59586.35370258335,
  "feat_15": 42302.874394418206,
  "feat_16": 10686.052286104137,
  "feat_17": 23160.947470171028,
  "feat_18": 3128.821016992384,
  "feat_19": 1630.6396787837148,
  "feat_20": 5301.200071501149,
  "feat_21": 3828.754739705473,
  "feat_22": 3621.6373324942106,
  "feat_23": 9390.51439603034,
  "feat_24": 11090.480490070548,
  "feat_25": 29247.166598014766,
  "feat_26": 43605.06849617977,
  "feat_27": 3196.243215208873,
  "feat_28": 1360.7061298377812,
  "feat_29": 8812.971000853227,
  "feat_30": 13112.633714397438,
  "feat_31": 1773.5598858520389,
  "feat_32": 12208.988660988092,
  "feat_33": 8616.834397256243,
  "feat_34": 141892.67442586724,
  "feat_35": 6014.80496255109,
  "feat_36": 9891.544791907154,
  "feat_37": 6727.920014438982,
  "feat_38": 4811.397048921637,
  "feat_39": 58126.9499632995,
  "feat_40": 29461.438227266626,
  "feat_41": 11197.351042545546,
  "feat_42": 64516.341855295235,
  "feat_43": 37746.370482795886,
  "feat_44": 3302.6289487124886,
  "feat_45": 7942.606466490775,
  "feat_46": 1564.737857065804,
  "feat_47": 27201.144100623467,
  "feat_48": 29538.726831584107,
  "feat_49": 2177.891141675408,
  "feat_50": 25554.878572170965,
  "feat_51": 1698.1526361238211,
  "feat_52": 2325.998140320182,
  "feat_53": 21844.196453213503,
  "feat_54": 4092.931508324924,
  "feat_55": 5717.61830685148,
  "feat_56": 19126.733379732796,
  "feat_57": 16109.582058147898,
  "feat_58": 4585.685772486031,
  "feat_59": 10114.117431742896,
  "feat_60": 146742.55278551244,
  "feat_61": 3222.2311643950525,
  "feat_62": 13278.090548101813,
  "feat_63": 2980.938855483895,
  "feat_64": 11047.857997906776,
  "feat_65": 2277.8219852382317,
  "feat_66": 7483.516063922616,
  "feat_67": 15584.549181167633,
  "feat_68": 47879.4945730193,
  "feat_69": 26933.45603621786,
  "feat_70": 5880.17517146534,
  "feat_71": 13186.622243459018,
  "feat_72": 11209.472428154724,
  "feat_73": 3457.9921268394346,
  "feat_74": 3144.0731971436835,
  "feat_75": 23743.47912007908,
  "feat_76": 5222.377029604322,
  "feat_77": 8209.024661340285,
  "feat_78": 13609.592007859203,
  "feat_79": 9191.156289318693,
  "feat_80": 3489.631538123358,
  "feat_81": 2908.4793530900088,
  "feat_82": 736.1003411468118,
  "feat_83": 10890.983532720114,
  "feat_84": 5393.616500504606,
  "feat_85": 9867.42925123428,
  "feat_86": 38979.40187107661,
  "feat_87": 7644.526383932935,
  "feat_88": 16275.538101868093,
  "feat_89": 3912.041693930514,
  "feat_90": 104130.20325765456,
  "feat_91": 20443.161729271516,
  "feat_92": 14112.310880460813,
  "feat_93": 5786.4161108485205,
  "pca_0": 166615.69828989796,
  "pca_1": 158548.94245711062,
  "pca_2": 72915.58709357299,
  "pca_3": 64869.02480946781,
  "pca_4": 127843.47324396105,
  "pca_5": 112106.49484071936,
  "pca_6": 71834.06176297714,
  "pca_7": 252266.4524435089,
  "pca_8": 58790.38439494279,
  "pca_9": 44992.89820496445,
  "pca_10": 55599.531028305224,
  "pca_11": 76405.01985397881,
  "pca_12": 129156.15299211713,
  "pca_13": 40071.39709085185,
  "pca_14": 47005.52145074406,
  "pca_15": 53869.11625966332,
  "pca_16": 124506.20832719785,
  "pca_17": 39886.0100400392,
  "pca_18": 38641.999485851906,
  "pca_19": 31263.26147050911
}