{
  "feat_1": 20840.393264879473,
  "feat_2": 2449.355283917577,
  "feat_3": 4619.808937225171,
  "feat_4": 6196.399145479618,
  "feat_5": 7294.52129572304,
  "feat_6": 3351.085210256132,
  "feat_7": 9449.012826146532,
  "feat_8": 11339.313028312845,
  "feat_9": 40424.78266058809,
  "feat_10": 7719.6761715514585,
  "feat_11": 359382.7764058278,
  "feat_12": 2520.255549245514,
  "feat_13": 12874.080315045758,
  "feat_14": 115478.27014678257,
  "feat_15": 93213.76574578152,
  "feat_16": 20197.27137785009,
  "feat_17": 49738.737595850485,
  "feat_18": 6160.112731283425,
  "feat_19": 2610.8464272879064,
  "feat_20": 11095.165547139477,
  "feat_21": 6322.244840647851,
  "feat_22": 6471.840715762228,
  "feat_23": 20823.468782840155,
  "feat_24": 20384.04755544017,
  "feat_25": 62178.38843844921,
  "feat_26": 80714.46879833599,
  "feat_27": 8121.5737450849265,
  "feat_28": 3196.5968261822127,
  "feat_29": 14682.40380477137,
  "feat_30": 27262.219658727772,
  "feat_31": 3760.1921417289414,
  "feat_32": 24945.43413676934,
  "feat_33": 17544.3960709057,
  "feat_34": 302216.41542830924,
  "feat_35": 10925.059313226666,
  "feat_36": 21242.697298735962,
  "feat_37": 12321.2231776433,
  "feat_38": 9033.201514789718,
  "feat_39": 107700.41338243044,
  "feat_40": 61815.68401183759,
  "feat_41": 20069.088630397564,
  "feat_42": 119664.63907610207,
  "feat_43": 73761.37743114817,
  "feat_44": 6034.984753901139,
  "feat_45": 13432.42437259201,
  "feat_46": 3871.665700873256,
  "feat_47": 52455.56391194043,
  "feat_48": 58431.85271748797,
  "feat_49": 3647.670751921577,
  "feat_50": 51655.84268476117,
  "feat_51": 3254.3393738958985,
  "feat_52": 5301.980644273994,
  "feat_53": 47520.52040650348,
  "feat_54": 6659.742169911822,
  "feat_55": 13441.54660259391,
  "feat_56": 36765.428433155335,
  "feat_57": 32916.20735488288,
  "feat_58": 9186.656091686109,
  "feat_59": 20743.56138820225,
  "feat_60": 301307.7161440179,
  "feat_61": 5020.9229025049135,
  "feat_62": 27691.146488544506,
  "feat_63": 6018.264914156869,
  "feat_64": 21832.581407675985,
  "feat_65": 5152.020368227706,
  "feat_66": 12341.227710803549,
  "feat_67": 32965.7293179731,
  "feat_68": 96472.26623879545,
  "feat_69": 56956.55547600925,
  "feat_70": 11967.856891392395,
  "feat_71": 24358.367387191443,
  "feat_72": 22203.30698231759,
  "feat_73": 5997.681670889433,
  "feat_74": 5367.908482495181,
  "feat_75": 44399.68440502911,
  "feat_76": 10990.909868019284,
  "feat_77": 16671.15889226133,
  "feat_78": 23647.14119410375,
  "feat_79": 18130.86106323218,
  "feat_80": 5229.681681643167,
  "feat_81": 6377.530370218164,
  "feat_82": 1080.9787597245304,
  "feat_83": 27244.64976833129,
  "feat_84": 9469.613144475967,
  "feat_85": 20573.693821134977,
  "feat_86": 76428.73592748158,
  "feat_87": 13073.729915240197,
  "feat_88": 35701.223679947376,
  "feat_89": 8504.073623406002,
  "feat_90": 210630.2454342842,
  "feat_91": 44355.46094548334,
  "feat_92": 28696.830609381548,
  "feat_93": 10160.426455410197,
  "pca_0": 329777.5479413785,
  "pca_1": 295491.8677602456,
  "pca_2": 145318.2240702693,
  "pca_3": 129079.29830971148,
  "pca_4": 235218.1316286494,
  "pca_5": 212145.86455045198,
  "pca_6": 142720.80616100418,
  "pca_7": 487072.8759847395,
  "pca_8": 114928.1873582351,
  "pca_9": 89526.3514594882,
  "pca_10": 104327.9770050661,
  "pca_11": 153800.22337051894,
  "pca_12": 232408.99319068922,
  "pca_13": 71672.29069338251,
  "pca_14": 95243.07896247064,
  "pca_15": 112381.70226070272,
  "pca_16": 246458.81517460305,
  "pca_17": 75552.0800136003,
  "pca_18": 74509.67209653226,
  "pca_19": 59287.63378247526
}