{
  "feat_1": 15120.416644692421,
  "feat_2": 1539.3911650180817,
  "feat_3": 3233.462135016918,
  "feat_4": 4353.5275193452835,
  "feat_5": 5167.322404742241,
  "feat_6": 2058.7708556950092,
  "feat_7": 7847.074517445639,
  "feat_8": 7332.185955405235,
  "feat_9": 33614.136920034885,
  "feat_10": 4110.844940662384,
  "feat_11": 355170.864053756,
  "feat_12": 850.1628673970699,
  "feat_13": 8901.36924648285,
  "feat_14": 108607.54914870858,
  "feat_15": 87585.47439298034,
  "feat_16": 14173.0832541883,
  "feat_17": 45469.02198898792,
  "feat_18": 3241.092057943344,
  "feat_19": 1777.1581768393517,
  "feat_20": 8055.449016273022,
  "feat_21": 3494.6918585300446,
  "feat_22": 2778.5027707219124,
  "feat_23": 18389.189312815666,
  "feat_24": 14957.78177240491,
  "feat_25": 51702.09110149741,
  "feat_26": 76422.49097025394,
  "feat_27": 6151.0275511443615,
  "feat_28": 1511.1822527647018,
  "feat_29": 11401.728360384703,
  "feat_30": 24444.849106758833,
  "feat_31": 1870.8893678188324,
  "feat_32": 18212.479237794876,
  "feat_33": 11392.974150955677,
  "feat_34": 298736.6588653785,
  "feat_35": 8881.042645275593,
  "feat_36": 16907.92306190729,
  "feat_37": 8160.921366810799,
  "feat_38": 6175.630392849445,
  "feat_39": 104498.72812369466,
  "feat_40": 54793.58727824688,
  "feat_41": 16619.032388448715,
  "feat_42": 113473.82621824741,
  "feat_43": 64441.37933972478,
  "feat_44": 2919.097276031971,
  "feat_45": 11456.931060314178,
  "feat_46": 2076.7649515867233,
  "feat_47": 48149.50796942039,
  "feat_48": 47600.06344386935,
  "feat_49": 2106.3472262620926,
  "feat_50": 47763.148560762405,
  "feat_51": 2463.5747306346893,
  "feat_52": 3141.7042973041534,
  "feat_53": 42799.78048913437,
  "feat_54": 3126.2369027137756,
  "feat_55": 9720.88766617328,
  "feat_56": 31281.945670962334,
  "feat_57": 29691.43750488758,
  "feat_58": 7529.682159304619,
  "feat_59": 16022.915458798409,
  "feat_60": 296551.67587280273,
  "feat_61": 3859.2123034000397,
  "feat_62": 23446.619042873383,
  "feat_63": 3560.243036568165,
  "feat_64": 15100.67116791755,
  "feat_65": 2450.7672830224037,
  "feat_66": 7302.719745546579,
  "feat_67": 27245.568669438362,
  "feat_68": 90390.43186491728,
  "feat_69": 55324.21943747997,
  "feat_70": 6713.202836036682,
  "feat_71": 18970.378943890333,
  "feat_72": 16371.262056469917,
  "feat_73": 3699.7358020842075,
  "feat_74": 3415.6115026474,
  "feat_75": 40758.0367000103,
  "feat_76": 7400.177947878838,
  "feat_77": 14546.088674819563,
  "feat_78": 21695.187978073955,
  "feat_79": 14591.504410505295,
  "feat_80": 3101.269948244095,
  "feat_81": 4574.40413236618,
  "feat_82": 369.6453801393509,
  "feat_83": 24276.618162304163,
  "feat_84": 8088.901590466499,
  "feat_85": 13404.987076878548,
  "feat_86": 67799.10029378533,
  "feat_87": 8614.901761353016,
  "feat_88": 26967.674959192052,
  "feat_89": 6210.0368176698685,
  "feat_90": 208514.5144275427,
  "feat_91": 41198.168589770794,
  "feat_92": 24090.37792171538,
  "feat_93": 8090.743306159973,
  "pca_0": 297368.03456292953,
  "pca_1": 271513.5335210487,
  "pca_2": 121950.53962804377,
  "pca_3": 104451.21426139539,
  "pca_4": 205100.08529366553,
  "pca_5": 184473.6821915409,
  "pca_6": 116928.56469867122,
  "pca_7": 464052.8549021764,
  "pca_8": 90400.0200070776,
  "pca_9": 66988.40303889147,
  "pca_10": 79284.30770246545,
  "pca_11": 131215.41389946267,
  "pca_12": 205092.24277145715,
  "pca_13": 49159.8145082593,
  "pca_14": 72101.28288465948,
  "pca_15": 87428.05341919884,
  "pca_16": 221685.51392504573,
  "pca_17": 49027.50612896681,
  "pca_18": 49192.25724257901,
  "pca_19": 34531.519936174154
}