{
  "feat_1": 20782.442173436517,
  "feat_2": 2978.450217082165,
  "feat_3": 5463.04598595288,
  "feat_4": 5992.331617420074,
  "feat_5": 6750.821966196629,
  "feat_6": 2775.2560237873113,
  "feat_7": 8460.463539462071,
  "feat_8": 10119.43979777177,
  "feat_9": 40207.885023027455,
  "feat_10": 8699.27402252837,
  "feat_11": 337418.6672449593,
  "feat_12": 2800.219813058153,
  "feat_13": 11923.646429667366,
  "feat_14": 121253.09081541088,
  "feat_15": 89265.15970401649,
  "feat_16": 21064.21580841518,
  "feat_17": 45889.770379447844,
  "feat_18": 6150.126254736155,
  "feat_19": 2774.351785291863,
  "feat_20": 9893.008476074283,
  "feat_21": 7386.58330306354,
  "feat_22": 6287.959712486598,
  "feat_23": 18223.908008636707,
  "feat_24": 21655.845033284968,
  "feat_25": 54073.20564201786,
  "feat_26": 91985.54376999105,
  "feat_27": 6065.948112149723,
  "feat_28": 2561.8587940407306,
  "feat_29": 16928.129515144374,
  "feat_30": 27795.229033587035,
  "feat_31": 3320.3555594030768,
  "feat_32": 24244.62232760165,
  "feat_33": 16496.27177228204,
  "feat_34": 304227.4480459122,
  "feat_35": 12650.452105921082,
  "feat_36": 23476.22294723613,
  "feat_37": 13115.363753452066,
  "feat_38": 9415.740354125559,
  "feat_39": 115885.48051959046,
  "feat_40": 63597.846442958486,
  "feat_41": 21498.2053552186,
  "feat_42": 129352.25938256687,
  "feat_43": 73438.48649434719,
  "feat_44": 6697.049405608675,
  "feat_45": 15636.76460138252,
  "feat_46": 2969.6872968626585,
  "feat_47": 51557.5222511769,
  "feat_48": 56139.2594724739,
  "feat_49": 4353.0567377673215,
  "feat_50": 48580.60071330154,
  "feat_51": 3342.767034763994,
  "feat_52": 4840.582995284582,
  "feat_53": 44920.921031656515,
  "feat_54": 7136.671001270115,
  "feat_55": 11042.770308168605,
  "feat_56": 37508.035682120215,
  "feat_57": 33570.76773207333,
  "feat_58": 9477.426281517372,
  "feat_59": 20735.668595280862,
  "feat_60": 293873.3903347071,
  "feat_61": 6512.522063585054,
  "feat_62": 25934.322878189945,
  "feat_63": 5644.085653442889,
  "feat_64": 22878.87160190149,
  "feat_65": 4720.00397102511,
  "feat_66": 14438.678902055442,
  "feat_67": 31295.1397804014,
  "feat_68": 99611.29451597578,
  "feat_69": 55281.60355848991,
  "feat_70": 11163.830751067275,
  "feat_71": 25723.529699796934,
  "feat_72": 22288.815417141053,
  "feat_73": 6768.371516490588,
  "feat_74": 5820.371548316209,
  "feat_75": 42753.52891794441,
  "feat_76": 9904.78960782937,
  "feat_77": 15972.785375254112,
  "feat_78": 26491.70265085809,
  "feat_79": 17978.970613309662,
  "feat_80": 6762.337409348121,
  "feat_81": 5901.690685839483,
  "feat_82": 1375.1262576803565,
  "feat_83": 21337.692150215793,
  "feat_84": 11228.62695271508,
  "feat_85": 19562.705344289556,
  "feat_86": 77080.4893714891,
  "feat_87": 15094.534491516211,
  "feat_88": 32315.87577969962,
  "feat_89": 7985.57063203599,
  "feat_90": 198127.72421776294,
  "feat_91": 40741.218398085824,
  "feat_92": 27465.25386216739,
  "feat_93": 11146.366008761106,
  "pca_0": 342796.9337837838,
  "pca_1": 305898.91930903954,
  "pca_2": 144321.23521200972,
  "pca_3": 131129.1445341915,
  "pca_4": 242195.13465206392,
  "pca_5": 220018.39971635165,
  "pca_6": 140216.89494253346,
  "pca_7": 489087.94408792636,
  "pca_8": 119986.20361373211,
  "pca_9": 88417.0320583813,
  "pca_10": 98870.20236119007,
  "pca_11": 149292.95968778498,
  "pca_12": 235614.98052037804,
  "pca_13": 76271.27653279902,
  "pca_14": 95370.27443989241,
  "pca_15": 107436.6091325093,
  "pca_16": 238643.87658422985,
  "pca_17": 76863.04937188987,
  "pca_18": 76136.29132027294,
  "pca_19": 59787.319489096844
}