{
  "id": 5943740.286636307,
  "feat_1": 575.7788357498528,
  "feat_2": 24.430743999329202,
  "feat_3": 245.05444781774457,
  "feat_4": 298.15097322627526,
  "feat_5": 121.63774446272878,
  "feat_6": 40.954613749907466,
  "feat_7": 593.6428407718823,
  "feat_8": 573.0497881824152,
  "feat_9": 2752.589993731687,
  "feat_10": 59.337393606279655,
  "feat_11": 114119.70375601244,
  "feat_12": 15.6274054852748,
  "feat_13": 180.8619679484698,
  "feat_14": 18981.396353309094,
  "feat_15": 12958.91010043901,
  "feat_16": 1537.9841672508308,
  "feat_17": 5640.045240774203,
  "feat_18": 59.445771566741136,
  "feat_19": 95.32718678075253,
  "feat_20": 1172.0555339939638,
  "feat_21": 16.200815228498797,
  "feat_22": 42.610582726313595,
  "feat_23": 1710.0531741501798,
  "feat_24": 1153.6646385982751,
  "feat_25": 5139.75771136155,
  "feat_26": 8280.636929586773,
  "feat_27": 119.06663090581245,
  "feat_28": 69.42386630793959,
  "feat_29": 784.7268626196741,
  "feat_30": 1484.5972960032523,
  "feat_31": 0.5978439462391414,
  "feat_32": 1186.4682826270096,
  "feat_33": 210.19687594394537,
  "feat_34": 327647.9866848235,
  "feat_35": 1148.0365859451433,
  "feat_36": 4408.334957806298,
  "feat_37": 163.22015980066146,
  "feat_38": 393.7270219851588,
  "feat_39": 31289.6912218893,
  "feat_40": 6400.8851845317295,
  "feat_41": 693.6445708888251,
  "feat_42": 23682.525797247352,
  "feat_43": 4758.116647211862,
  "feat_44": 208.23707740604002,
  "feat_45": 1032.7307572100917,
  "feat_46": 81.28801087749359,
  "feat_47": 8514.611469849344,
  "feat_48": 3547.825328008924,
  "feat_49": 40.84007832071432,
  "feat_50": 5299.819043501426,
  "feat_51": 110.61826806745403,
  "feat_52": 126.66257129362724,
  "feat_53": 7868.845797031943,
  "feat_54": 210.52487965140023,
  "feat_55": 511.1907595882359,
  "feat_56": 1881.5023039646267,
  "feat_57": 4149.58463931716,
  "feat_58": 309.55401546625046,
  "feat_59": 2045.6502530382315,
  "feat_60": 71613.88258612706,
  "feat_61": 273.48791962365596,
  "feat_62": 2547.0678542899595,
  "feat_63": 43.2906952829482,
  "feat_64": 1287.6101802866306,
  "feat_65": 31.17974674328911,
  "feat_66": 46.38541807055632,
  "feat_67": 3383.1759321007644,
  "feat_68": 19531.78060911769,
  "feat_69": 16185.63556825792,
  "feat_70": 169.15055853788093,
  "feat_71": 1706.4605907314644,
  "feat_72": 1460.7128157063503,
  "feat_73": 540.0766070147963,
  "feat_74": 34.0356395374971,
  "feat_75": 11741.974346792826,
  "feat_76": 1216.4219911143277,
  "feat_77": 699.1189573574304,
  "feat_78": 3160.1231175853545,
  "feat_79": 402.0238411282881,
  "feat_80": 65.23737451034309,
  "feat_81": 80.55481630760391,
  "feat_82": 1.8261275079980805,
  "feat_83": 2153.311789403491,
  "feat_84": 380.11114939620927,
  "feat_85": 755.1441632037169,
  "feat_86": 9739.202508388402,
  "feat_87": 378.3793001708392,
  "feat_88": 2322.244517985661,
  "feat_89": 424.543488815058,
  "feat_90": 51192.319468755275,
  "feat_91": 5223.148877117326,
  "feat_92": 1415.8391598453052,
  "feat_93": 521.1715266825984,
  "pca_0": 42663.48484773018,
  "pca_1": 52741.27882867389,
  "pca_2": 20987.586260564396,
  "pca_3": 16159.108315817517,
  "pca_4": 38757.70962420259,
  "pca_5": 21117.81320880084,
  "pca_6": 16577.427372043658,
  "pca_7": 74366.55989203794,
  "pca_8": 14683.917939831723,
  "pca_9": 10127.01674106777,
  "pca_10": 21961.125073166884,
  "pca_11": 21402.59876278471,
  "pca_12": 88916.67818826574,
  "pca_13": 7444.779399076231,
  "pca_14": 11971.34015709013,
  "pca_15": 12949.164221855057,
  "pca_16": 43632.7483541605,
  "pca_17": 4879.622045296253,
  "pca_18": 5835.340109037882,
  "pca_19": 2466.257382176857
}