{
  "feat_1": 10633.926151846768,
  "feat_2": 1975.3379505602643,
  "feat_3": 2174.6915745228707,
  "feat_4": 2401.093625126246,
  "feat_5": 3936.8202862179187,
  "feat_6": 1210.7105617663415,
  "feat_7": 4107.21971074901,
  "feat_8": 6670.43418688002,
  "feat_9": 22093.94727678282,
  "feat_10": 4712.971750502242,
  "feat_11": 175964.03807997762,
  "feat_12": 1485.50631579943,
  "feat_13": 6284.699519797927,
  "feat_14": 55879.77530424548,
  "feat_15": 44825.42573349047,
  "feat_16": 10677.475311776572,
  "feat_17": 23053.56666879015,
  "feat_18": 3509.2932541188898,
  "feat_19": 1611.9280125129903,
  "feat_20": 5736.604868617724,
  "feat_21": 4006.4341195118614,
  "feat_22": 3026.0919420439595,
  "feat_23": 8871.623691139277,
  "feat_24": 10869.724575670989,
  "feat_25": 27358.035205455537,
  "feat_26": 41192.17419015034,
  "feat_27": 3779.1620073175145,
  "feat_28": 1726.0711950068362,
  "feat_29": 8578.70260429103,
  "feat_30": 12689.098685274883,
  "feat_31": 2050.548127638176,
  "feat_32": 13506.956257837623,
  "feat_33": 10296.910990895534,
  "feat_34": 141936.30473858272,
  "feat_35": 5379.634474603669,
  "feat_36": 12468.128422144828,
  "feat_37": 7505.247827257503,
  "feat_38": 5468.641784205662,
  "feat_39": 57629.17609804058,
  "feat_40": 32233.611930203348,
  "feat_41": 10985.034453339562,
  "feat_42": 65929.58700424113,
  "feat_43": 36377.985283603266,
  "feat_44": 3693.5204360391945,
  "feat_45": 6831.43139937814,
  "feat_46": 1705.2974953925295,
  "feat_47": 28135.35143567063,
  "feat_48": 29270.75406293412,
  "feat_49": 2423.4843685608357,
  "feat_50": 24837.530383312405,
  "feat_51": 2042.8512917365879,
  "feat_52": 2684.2572241123416,
  "feat_53": 24092.499309904455,
  "feat_54": 4205.807537380548,
  "feat_55": 5313.277086494389,
  "feat_56": 18134.955406486657,
  "feat_57": 16960.384527714275,
  "feat_58": 4147.4666812098585,
  "feat_59": 12140.559848226556,
  "feat_60": 146390.85260107895,
  "feat_61": 3050.846936509013,
  "feat_62": 19969.748850692922,
  "feat_63": 3104.0172340903227,
  "feat_64": 11670.751125087707,
  "feat_65": 3102.935205834013,
  "feat_66": 6876.213508112296,
  "feat_67": 17373.59083869168,
  "feat_68": 46776.73246549122,
  "feat_69": 32941.07188296178,
  "feat_70": 6331.190378240917,
  "feat_71": 12527.812600499601,
  "feat_72": 10417.907654907205,
  "feat_73": 3335.6812368006817,
  "feat_74": 2634.1433493140566,
  "feat_75": 20867.92082827013,
  "feat_76": 6706.7927686420235,
  "feat_77": 8524.850100084674,
  "feat_78": 12768.904020080343,
  "feat_79": 8997.163640354876,
  "feat_80": 3124.779234980994,
  "feat_81": 3665.246793469414,
  "feat_82": 720.1468710456975,
  "feat_83": 12012.163327394044,
  "feat_84": 4218.009088907493,
  "feat_85": 10768.091994288607,
  "feat_86": 40677.39722568041,
  "feat_87": 7887.60830728857,
  "feat_88": 18782.268218257374,
  "feat_89": 5001.814204206824,
  "feat_90": 105821.84662726638,
  "feat_91": 19572.362957560315,
  "feat_92": 14648.315366012694,
  "feat_93": 4317.823948228732,
  "pca_0": 170133.78689578627,
  "pca_1": 158237.69697256264,
  "pca_2": 71156.26953056293,
  "pca_3": 66844.72404674385,
  "pca_4": 124445.58156182649,
  "pca_5": 108869.37069458765,
  "pca_6": 73916.21885235599,
  "pca_7": 249998.39184726024,
  "pca_8": 64824.49482886002,
  "pca_9": 47376.7756502651,
  "pca_10": 61538.88940052434,
  "pca_11": 74916.2134826034,
  "pca_12": 131284.85925661915,
  "pca_13": 39630.46039442613,
  "pca_14": 51503.79334910752,
  "pca_15": 58387.048174945485,
  "pca_16": 128960.39592929478,
  "pca_17": 39692.478311479885,
  "pca_18": 41478.50208431831,
  "pca_19": 34997.96574401716
}